,title,year,worldwide $,domestic $,domestic %,foreign $,foreign %
0,"Hi, Mom",2021,822009764.0,0.0,0.0,822009764.0,100.0
1,F9: The Fast Saga,2021,714398815.0,172931815.0,24.2,541467000.0,75.8
2,Detective Chinatown 3,2021,686257563.0,0.0,0.0,686257563.0,100.0
3,Godzilla vs. Kong,2021,467863133.0,100563133.0,21.5,367300000.0,78.5
4,Black Widow,2021,377665240.0,183177333.0,48.5,194487907.0,51.5
5,A Quiet Place Part II,2021,297372261.0,160072261.0,53.8,137300000.0,46.2
6,Free Guy,2021,277748887.0,102882486.0,37.0,174866401.0,63.0
7,Shang-Chi and the Legend of the Ten Rings,2021,264556500.0,152612024.0,57.7,111944476.0,42.3
8,Cruella,2021,233274187.0,86102609.0,36.9,147171578.0,63.1
9,Jungle Cruise,2021,202265854.0,110294536.0,54.5,91971318.0,45.5
10,The Conjuring: The Devil Made Me Do It,2021,201965074.0,65565074.0,32.5,136400000.0,67.5
11,Chinese Doctors,2021,197143218.0,0.0,0.0,197143218.0,100.0
12,Raging Fire,2021,188915734.0,325806.0,0.2,188589928.0,99.8
13,Impasse,2021,181325565.0,152972.0,0.1,181172593.0,99.9
14,The Suicide Squad,2021,165270343.0,55270343.0,33.4,110000000.0,66.6
15,Space Jam: A New Legacy,2021,156243307.0,70243307.0,45.0,86000000.0,55.0
16,Peter Rabbit 2: The Runaway,2021,153736536.0,40336536.0,26.2,113400000.0,73.8
17,A Writer's Odyssey,2021,150123320.0,160013.0,0.1,149963307.0,99.9
18,Tom and Jerry,2021,132841123.0,46041123.0,34.7,86800000.0,65.3
19,Raya and the Last Dragon,2021,130281158.0,54723032.0,42.0,75558126.0,58.0
20,Sister,2021,128317206.0,0.0,0.0,128317206.0,100.0
21,My Love,2021,114016434.0,86252.0,0.1,113930182.0,99.9
22,The Boss Baby: Family Business,2021,108138805.0,57115805.0,52.8,51023000.0,47.2
23,Wrath of Man,2021,103966489.0,27466489.0,26.4,76500000.0,73.6
24,Detective Conan: The Scarlet Bullet,2021,95659979.0,0.0,0.0,95659979.0,100.0
25,PAW Patrol: The Movie,2021,93426907.0,35186249.0,37.7,58240658.0,62.3
26,Evangelion: 3.0+1.01 Thrice Upon a Time,2021,92246218.0,0.0,0.0,92246218.0,100.0
27,End Game,2021,91815762.0,23149.0,0.1,91792613.0,100.0
28,Old,2021,88641080.0,47792080.0,53.9,40849000.0,46.1
29,Mortal Kombat,2021,83601013.0,42201013.0,50.5,41400000.0,49.5
30,Boonie Bears: The Wild Life,2021,77861141.0,0.0,0.0,77861141.0,100.0
31,The Forever Purge,2021,76958715.0,44503715.0,57.8,32455000.0,42.2
32,1921,2021,75159828.0,0.0,0.0,75159828.0,100.0
33,Hitman's Wife's Bodyguard,2021,70331463.0,38014727.0,54.1,32316736.0,45.9
34,Candyman,2021,62767115.0,49243115.0,78.5,13524000.0,21.5
35,Avatar 2021 Re-release,2021,57566409.0,0.0,0.0,57566409.0,100.0
36,Nezha Reborn,2021,56088478.0,0.0,0.0,56088478.0,100.0
37,Nobody,2021,55405035.0,27268035.0,49.2,28137000.0,50.8
38,Upcoming,2021,54300000.0,0.0,0.0,54300000.0,100.0
39,Belle: The Dragon and the Freckled Princess,2021,54195448.0,0.0,0.0,54195448.0,100.0
40,Man in Love,2021,52946097.0,0.0,0.0,52946097.0,100.0
41,Break Through the Darkness,2021,52700000.0,0.0,0.0,52700000.0,100.0
42,Luca,2021,47470926.0,0.0,0.0,47470926.0,100.0
43,Don't Breathe 2,2021,45172368.0,30572368.0,67.7,14600000.0,32.3
44,Love Will Tear Us Apart,2021,44972521.0,0.0,0.0,44972521.0,100.0
45,Escape Room: Tournament of Champions,2021,44888958.0,25188958.0,56.1,19700000.0,43.9
46,In the Heights,2021,43879041.0,29879041.0,68.1,14000000.0,31.9
47,Spirit Untamed,2021,42636215.0,17635215.0,41.4,25001000.0,58.6
48,Spiral,2021,38824198.0,23216862.0,59.8,15607336.0,40.2
49,Tokyo Revengers,2021,38395933.0,0.0,0.0,38395933.0,100.0
50,The Yinyang Master,2021,37690000.0,0.0,0.0,37690000.0,100.0
51,Rurouni Kenshin: Final Chapter Part I - The Final,2021,36964978.0,0.0,0.0,36964978.0,100.0
52,Snake Eyes,2021,36964325.0,28264325.0,76.5,8700000.0,23.5
53,I Fell in Love Like a Flower Bouquet,2021,34975905.0,0.0,0.0,34975905.0,100.0
54,Nomadland,2021,34811091.0,2143000.0,6.2,32668091.0,93.8
55,Big Red Envelope,2021,32800000.0,0.0,0.0,32800000.0,100.0
56,Once Upon a Time in Hong Kong,2021,32218874.0,0.0,0.0,32218874.0,100.0
57,Home Sweet Home,2021,32178677.0,0.0,0.0,32178677.0,100.0
58,The Unholy,2021,30830440.0,15530440.0,50.4,15300000.0,49.6
59,The Little Things,2021,29844012.0,15244012.0,51.1,14600000.0,48.9
60,Master,2021,28692230.0,0.0,0.0,28692230.0,100.0
61,The Last Warrior: Root of Evil,2021,28357398.0,0.0,0.0,28357398.0,100.0
62,Escape from Mogadishu,2021,27935527.0,297482.0,1.1,27638045.0,98.9
63,Respect,2021,27010180.0,23401180.0,86.6,3609000.0,13.4
64,Chaos Walking,2021,26456630.0,13287908.0,50.2,13168722.0,49.8
65,My Hero Academia: World Heroes' Mission,2021,26421054.0,0.0,0.0,26421054.0,100.0
66,The Courier,2021,23552968.0,6613432.0,28.1,16939536.0,71.9
67,Those Who Wish Me Dead,2021,23408489.0,7347103.0,31.4,16061386.0,68.6
68,The Marksman,2021,22988549.0,15566093.0,67.7,7422456.0,32.3
69,The Day We Lit Up the Sky,2021,22500000.0,0.0,0.0,22500000.0,100.0
70,Kaamelott: First Installment,2021,21662036.0,188000.0,0.9,21474036.0,99.1
71,Rurouni Kenshin: Final Chapter Part II - The Beginning,2021,21318560.0,0.0,0.0,21318560.0,100.0
72,Wish Dragon,2021,21120000.0,0.0,0.0,21120000.0,100.0
73,The Pioneer,2021,18900000.0,0.0,0.0,18900000.0,100.0
74,Mobile Suit Gundam: Hathaway,2021,18731309.0,0.0,0.0,18731309.0,100.0
75,Reminiscence,2021,18695360.0,3878349.0,20.7,14817011.0,79.3
76,Sinkhole,2021,18526381.0,0.0,0.0,18526381.0,100.0
77,The Green Knight,2021,18274261.0,17173321.0,94.0,1100940.0,6.0
78,Bo Gia,2021,17480489.0,350000.0,2.0,17130489.0,98.0
79,Gintama: The Final,2021,17244651.0,0.0,0.0,17244651.0,100.0
80,The Dry,2021,16984586.0,364237.0,2.1,16620349.0,97.9
81,Stillwater,2021,16539740.0,14459600.0,87.4,2080140.0,12.6
82,Upon the Magic Roads,2021,15990882.0,0.0,0.0,15990882.0,100.0
83,Minari,2021,15383002.0,3110580.0,20.2,12272422.0,79.8
84,Something About Love,2021,15204017.0,0.0,0.0,15204017.0,100.0
85,Malignant,2021,14734620.0,5434620.0,36.9,9300000.0,63.1
86,The Tomorrow War,2021,14400000.0,0.0,0.0,14400000.0,100.0
87,Crayon Shin-chan: Shrouded in Mystery! The Flowers of Tenkazu Academy,2021,14059824.0,0.0,0.0,14059824.0,100.0
88,After We Fell,2021,13898525.0,428300.0,3.1,13470225.0,96.9
89,Vakeel Saab,2021,13056490.0,0.0,0.0,13056490.0,100.0
90,Monkey King Reborn,2021,13000000.0,0.0,0.0,13000000.0,100.0
91,OSS 117: From Africa with Love,2021,12970030.0,0.0,0.0,12970030.0,100.0
92,No Escapes,2021,12810886.0,0.0,0.0,12810886.0,100.0
93,Hostage: Missing Celebrity,2021,12591782.0,0.0,0.0,12591782.0,100.0
94,Character,2021,12571501.0,0.0,0.0,12571501.0,100.0
95,On Your Mark,2021,12100000.0,0.0,0.0,12100000.0,100.0
96,Stand by Me,2021,11900000.0,0.0,0.0,11900000.0,100.0
97,The Stronghold,2021,11849700.0,0.0,0.0,11849700.0,100.0
98,The Fable: The Killer Who Doesn't Kill,2021,11325545.0,0.0,0.0,11325545.0,100.0
99,The Night House,2021,10842085.0,6809452.0,62.8,4032633.0,37.2
100,The Eight Hundred,2020,461421559.0,372755.0,0.1,461048804.0,99.9
101,Demon Slayer: Mugen Train,2020,452974619.0,47700000.0,10.5,405274619.0,89.5
102,Bad Boys for Life,2020,426505244.0,206305244.0,48.4,220200000.0,51.6
103,"My People, My Homeland",2020,422390820.0,0.0,0.0,422390820.0,100.0
104,Tenet,2020,363656624.0,58456624.0,16.1,305200000.0,83.9
105,Sonic the Hedgehog,2020,319715683.0,148974665.0,46.6,170741018.0,53.4
106,Dolittle,2020,245461797.0,77047065.0,31.4,168414732.0,68.6
107,Legend of Deification,2020,240663149.0,214670.0,0.1,240448479.0,99.9
108,A Little Red Flower,2020,216000000.0,0.0,0.0,216000000.0,100.0
109,The Croods: A New Age,2020,215905815.0,58568815.0,27.1,157337000.0,72.9
110,Birds of Prey,2020,201858461.0,84158461.0,41.7,117700000.0,58.3
111,Shock Wave 2,2020,198921659.0,0.0,0.0,198921659.0,100.0
112,Wonder Woman 1984,2020,166534027.0,46534027.0,27.9,120000000.0,72.1
113,The Sacrifice,2020,161047608.0,0.0,0.0,161047608.0,100.0
114,The Invisible Man,2020,143151000.0,70410000.0,49.2,72741000.0,50.8
115,Onward,2020,141934191.0,61555145.0,43.4,80379046.0,56.6
116,Warm Hug,2020,129240236.0,0.0,0.0,129240236.0,100.0
117,Soul,2020,120957731.0,0.0,0.0,120957731.0,100.0
118,The Call of the Wild,2020,111105497.0,62342368.0,56.1,48763129.0,43.9
119,Caught in Time,2020,80543319.0,0.0,0.0,80543319.0,100.0
120,The Yin-Yang Master: Dream of Eternity,2020,68000000.0,0.0,0.0,68000000.0,100.0
121,Mulan,2020,66800000.0,0.0,0.0,66800000.0,100.0
122,Stand by Me Doraemon 2,2020,65066630.0,0.0,0.0,65066630.0,100.0
123,The Rescue,2020,64042765.0,18797.0,0.1,64023968.0,100.0
124,Love You Forever,2020,60670799.0,0.0,0.0,60670799.0,100.0
125,Greenland,2020,52300000.0,0.0,0.0,52300000.0,100.0
126,Tolo Tolo,2020,52186426.0,0.0,0.0,52186426.0,100.0
127,Vanguard,2020,50814965.0,793525.0,1.6,50021440.0,98.4
128,The New Mutants,2020,49169594.0,23852659.0,48.5,25316935.0,51.5
129,Fantasy Island,2020,48811343.0,27309289.0,55.9,21502054.0,44.1
130,After We Collided,2020,47990414.0,2386483.0,5.0,45603931.0,95.0
131,"From Today, It's My Turn: The Movie",2020,47866854.0,0.0,0.0,47866854.0,100.0
132,Trolls World Tour,2020,47217101.0,0.0,0.0,47217101.0,100.0
133,Tanhaji: The Unsung Warrior,2020,45221814.0,0.0,0.0,45221814.0,100.0
134,Unhinged,2020,44331465.0,20831465.0,47.0,23500000.0,53.0
135,The End of Endless Love,2020,43950000.0,0.0,0.0,43950000.0,100.0
136,Train to Busan Presents: Peninsula,2020,42698327.0,1231407.0,2.9,41466920.0,97.1
137,Monster Hunter,2020,42145959.0,15162470.0,36.0,26983489.0,64.0
138,Underwater,2020,40882928.0,17291078.0,42.3,23591850.0,57.7
139,The War with Grandpa,2020,40743350.0,21277892.0,52.2,19465458.0,47.8
140,Sarileru Neekevvaru,2020,37389889.0,821000.0,2.2,36568889.0,97.8
141,New Interpretation Records of the Three Kingdoms,2020,36747486.0,0.0,0.0,36747486.0,100.0
142,The Confidence Man JP: Princess,2020,36109913.0,0.0,0.0,36109913.0,100.0
143,The Man Standing Next,2020,34664900.0,113527.0,0.3,34551373.0,99.7
144,My Mom is a Character 3,2020,34360029.0,0.0,0.0,34360029.0,100.0
145,Doraemon the Movie: Nobita's New Dinosaur,2020,33942341.0,0.0,0.0,33942341.0,100.0
146,Deliver Us from Evil,2020,33718703.0,0.0,0.0,33718703.0,100.0
147,Bloodshot,2020,33542457.0,12561824.0,37.5,20980633.0,62.5
148,Harry Potter and the Sorcerer's Stone 2020 Re-release,2020,31501815.0,0.0,0.0,31501815.0,100.0
149,Honest Thief,2020,31354158.0,14163574.0,45.2,17190584.0,54.8
150,Like a Boss,2020,30399490.0,22169514.0,72.9,8229976.0,27.1
151,Bath Buddy,2020,28700000.0,0.0,0.0,28700000.0,100.0
152,Ala Vaikunthapurramuloo,2020,28477890.0,0.0,0.0,28477890.0,100.0
153,The Witches,2020,26900000.0,0.0,0.0,26900000.0,100.0
154,Emma.,2020,26400964.0,10055355.0,38.1,16345609.0,61.9
155,Leap,2020,25818882.0,83074.0,0.3,25735808.0,99.7
156,Scoob!,2020,25750000.0,850000.0,3.3,24900000.0,96.7
157,Interstellar 2020 Re-release,2020,23771122.0,0.0,0.0,23771122.0,100.0
158,The Father,2020,22577412.0,2122771.0,9.4,20454641.0,90.6
159,Gretel & Hansel,2020,22051055.0,15347654.0,69.6,6703401.0,30.4
160,Poupelle of Chimney Town,2020,21824592.0,0.0,0.0,21824592.0,100.0
161,Stigmatized Properties,2020,21276720.0,0.0,0.0,21276720.0,100.0
162,The Photograph,2020,20690779.0,20578185.0,99.5,112594.0,0.5
163,Yarn,2020,20444185.0,0.0,0.0,20444185.0,100.0
164,Violet Evergarden: The Movie,2020,20339624.0,0.0,0.0,20339624.0,100.0
165,Brahms: The Boy II,2020,20311536.0,12611536.0,62.1,7700000.0,37.9
166,Ice 2,2020,19788995.0,0.0,0.0,19788995.0,100.0
167,Soul Snatcher,2020,19561221.0,0.0,0.0,19561221.0,100.0
168,Pokémon the Movie: Secrets of the Jungle,2020,19452056.0,0.0,0.0,19452056.0,100.0
169,The Turning,2020,19428853.0,15472775.0,79.6,3956078.0,20.4
170,Fate/Stay Night: Heaven's Feel - III. Spring Song,2020,19252497.0,200000.0,1.0,19052497.0,99.0
171,Takizawa Enbujo Zero,2020,18091395.0,0.0,0.0,18091395.0,100.0
172,The Promised Neverland,2020,17698106.0,0.0,0.0,17698106.0,100.0
173,Kaiji: Final Game,2020,17645779.0,0.0,0.0,17645779.0,100.0
174,Hitman: Agent Jun,2020,17601351.0,0.0,0.0,17601351.0,100.0
175,Promising Young Woman,2020,17121281.0,6460965.0,37.7,10660316.0,62.3
176,Digimon Adventure: Last Evolution Kizuna,2020,17068434.0,0.0,0.0,17068434.0,100.0
177,Bye Bye Morons,2020,16833025.0,0.0,0.0,16833025.0,100.0
178,Baaghi 3,2020,16726510.0,721439.0,4.3,16005071.0,95.7
179,I Still Believe,2020,16060123.0,9868521.0,61.4,6191602.0,38.6
180,Freaky,2020,15920855.0,9030855.0,56.7,6890000.0,43.3
181,Padre no hay más que uno 2: La llegada de la suegra,2020,15373181.0,0.0,0.0,15373181.0,100.0
182,The Way Back,2020,14690514.0,13590514.0,92.5,1100000.0,7.5
183,The Personal History of David Copperfield,2020,14399270.0,1876298.0,13.0,12522972.0,87.0
184,Nightlife,2020,14308789.0,0.0,0.0,14308789.0,100.0
185,Pawn,2020,14193957.0,0.0,0.0,14193957.0,100.0
186,#Alive,2020,13432212.0,0.0,0.0,13432212.0,100.0
187,Howling Village,2020,13394556.0,0.0,0.0,13394556.0,100.0
188,Come Play,2020,13175457.0,10475990.0,79.5,2699467.0,20.5
189,Samjin Company English Class,2020,12761386.0,0.0,0.0,12761386.0,100.0
190,News of the World,2020,12668325.0,12668325.0,100.0,0.0,0.0
191,Collectors,2020,12640113.0,0.0,0.0,12640113.0,100.0
192,Ducobu 3,2020,12157793.0,0.0,0.0,12157793.0,100.0
193,Legend No. 17,2020,11811335.0,0.0,0.0,11811335.0,100.0
194,Wotakoi: Love Is Hard for Otaku,2020,11702371.0,0.0,0.0,11702371.0,100.0
195,Let Him Go,2020,11630934.0,9358025.0,80.5,2272909.0,19.5
196,The Hunt,2020,11473631.0,5812500.0,50.7,5661131.0,49.3
197,The Voice of Sin,2020,10983063.0,0.0,0.0,10983063.0,100.0
198,30 jours max,2020,10926765.0,0.0,0.0,10926765.0,100.0
199,Another Round,2020,10853077.0,0.0,0.0,10853077.0,100.0
200,Avengers: Endgame,2019,2797501328.0,858373000.0,30.7,1939128328.0,69.3
201,The Lion King,2019,1656943394.0,543638043.0,32.8,1113305351.0,67.2
202,Frozen II,2019,1450026933.0,477373578.0,32.9,972653355.0,67.1
203,Spider-Man: Far from Home,2019,1131927996.0,390532085.0,34.5,741395911.0,65.5
204,Captain Marvel,2019,1128274794.0,426829839.0,37.8,701444955.0,62.2
205,Joker,2019,1074251311.0,335451311.0,31.2,738800000.0,68.8
206,Star Wars: Episode IX - The Rise of Skywalker,2019,1074144248.0,515202542.0,48.0,558941706.0,52.0
207,Toy Story 4,2019,1073394593.0,434038008.0,40.4,639356585.0,59.6
208,Aladdin,2019,1050693953.0,355559216.0,33.8,695134737.0,66.2
209,Jumanji: The Next Level,2019,800059707.0,320314960.0,40.0,479744747.0,60.0
210,Fast & Furious Presents: Hobbs & Shaw,2019,759056935.0,173956935.0,22.9,585100000.0,77.1
211,Ne Zha,2019,726063471.0,3695533.0,0.5,722367938.0,99.5
212,The Wandering Earth,2019,699856699.0,5971413.0,0.9,693885286.0,99.1
213,How to Train Your Dragon: The Hidden World,2019,521799505.0,160799505.0,30.8,361000000.0,69.2
214,Maleficent: Mistress of Evil,2019,491730089.0,113929605.0,23.2,377800484.0,76.8
215,It Chapter Two,2019,473093228.0,211593228.0,44.7,261500000.0,55.3
216,"My People, My Country",2019,450064993.0,2356683.0,0.5,447708310.0,99.5
217,Pokémon Detective Pikachu,2019,433005346.0,144105346.0,33.3,288900000.0,66.7
218,The Secret Life of Pets 2,2019,430051293.0,158874395.0,36.9,271176898.0,63.1
219,The Captain,2019,417282021.0,706572.0,0.2,416575449.0,99.8
220,Alita: Battle Angel,2019,404980543.0,85838210.0,21.2,319142333.0,78.8
221,Godzilla: King of the Monsters,2019,386600138.0,110500138.0,28.6,276100000.0,71.4
222,1917,2019,384983987.0,159227644.0,41.4,225756343.0,58.6
223,Once Upon a Time... In Hollywood,2019,374375059.0,142502728.0,38.1,231872331.0,61.9
224,Shazam!,2019,365971656.0,140371656.0,38.4,225600000.0,61.6
225,Dumbo,2019,353284621.0,114766307.0,32.5,238518314.0,67.5
226,Crazy Alien,2019,327598891.0,0.0,0.0,327598891.0,100.0
227,John Wick: Chapter 3 - Parabellum,2019,326709727.0,171015687.0,52.3,155694040.0,47.7
228,Knives Out,2019,311605581.0,165363234.0,53.1,146242347.0,46.9
229,Terminator: Dark Fate,2019,261119292.0,62253077.0,23.8,198866215.0,76.2
230,Parasite,2019,258633992.0,53369749.0,20.6,205264243.0,79.4
231,Pegasus,2019,255863112.0,0.0,0.0,255863112.0,100.0
232,Us,2019,255184580.0,175084580.0,68.6,80100000.0,31.4
233,Men in Black: International,2019,253890701.0,80001807.0,31.5,173888894.0,68.5
234,X-Men: Dark Phoenix,2019,252442974.0,65845974.0,26.1,186597000.0,73.9
235,Glass,2019,246999039.0,111048468.0,45.0,135950571.0,55.0
236,The Bravest,2019,245179562.0,290217.0,0.1,244889345.0,99.9
237,Annabelle Comes Home,2019,231252591.0,74152591.0,32.1,157100000.0,67.9
238,Better Days,2019,225918798.0,1921657.0,0.9,223997141.0,99.1
239,Ford v Ferrari,2019,225508210.0,117624357.0,52.2,107883853.0,47.8
240,Little Women,2019,216601214.0,108101214.0,49.9,108500000.0,50.1
241,The Addams Family,2019,203044905.0,100044905.0,49.3,103000000.0,50.7
242,Rocketman,2019,195179299.0,96368160.0,49.4,98811139.0,50.6
243,Weathering with You,2019,193957273.0,8056636.0,4.2,185900637.0,95.8
244,Downton Abbey,2019,193820755.0,96854135.0,50.0,96966620.0,50.0
245,The Lego Movie 2: The Second Part,2019,192306508.0,105806508.0,55.0,86500000.0,45.0
246,Sheep Without a Shepherd,2019,191602146.0,0.0,0.0,191602146.0,100.0
247,The White Storm 2: Drug Lords,2019,189396380.0,609461.0,0.3,188786919.0,99.7
248,Abominable,2019,179053956.0,60716390.0,33.9,118337566.0,66.1
249,Ip Man 4: The Finale,2019,176345966.0,3956031.0,2.2,172389935.0,97.8
250,Gemini Man,2019,173469516.0,48546770.0,28.0,124922746.0,72.0
251,Spies in Disguise,2019,171616764.0,66757013.0,38.9,104859751.0,61.1
252,Hustlers,2019,157563598.0,104963598.0,66.6,52600000.0,33.4
253,The Climbers,2019,156892866.0,487157.0,0.3,156405709.0,99.7
254,Escape Room,2019,155712077.0,57005601.0,36.6,98706476.0,63.4
255,Yesterday,2019,154608507.0,73286650.0,47.4,81321857.0,52.6
256,The Angry Birds Movie 2,2019,147792047.0,41667116.0,28.2,106124931.0,71.8
257,Angel Has Fallen,2019,146661977.0,69030436.0,47.1,77631541.0,52.9
258,Ad Astra,2019,127461872.0,50188370.0,39.4,77273502.0,60.6
259,Midway,2019,127420861.0,56846802.0,44.6,70574059.0,55.4
260,The Upside,2019,125852517.0,108252517.0,86.0,17600000.0,14.0
261,The Curse of La Llorona,2019,123133739.0,54733739.0,44.5,68400000.0,55.5
262,Looking Up,2019,122994583.0,84267.0,0.1,122910316.0,99.9
263,Zombieland: Double Tap,2019,122810399.0,73123082.0,59.5,49687317.0,40.5
264,Last Christmas,2019,121550750.0,35150750.0,28.9,86400000.0,71.1
265,Extreme Job,2019,119932733.0,1565885.0,1.3,118366848.0,98.7
266,Dora and the Lost City of Gold,2019,119682635.0,60477943.0,50.5,59204692.0,49.5
267,Wonder Park,2019,119559110.0,45216793.0,37.8,74342317.0,62.2
268,P Storm,2019,117991727.0,326711.0,0.3,117665016.0,99.7
269,Detective Conan: The Fist of Blue Sapphire,2019,115570314.0,0.0,0.0,115570314.0,100.0
270,The Gentlemen,2019,115171795.0,36471795.0,31.7,78700000.0,68.3
271,Pet Sematary,2019,113118226.0,54724696.0,48.4,58393530.0,51.6
272,Boonie Bears: Blast Into the Past,2019,112367881.0,0.0,0.0,112367881.0,100.0
273,Good Boys,2019,111037232.0,83140306.0,74.9,27896926.0,25.1
274,Scary Stories to Tell in the Dark,2019,104545505.0,68947075.0,65.9,35598430.0,34.1
275,Line Walker 2: Invisible Spy,2019,99482027.0,296751.0,0.3,99185276.0,99.7
276,The New King of Comedy,2019,95618308.0,0.0,0.0,95618308.0,100.0
277,The Hustle,2019,95017038.0,35417038.0,37.3,59600000.0,62.7
278,Adoring,2019,94975692.0,0.0,0.0,94975692.0,100.0
279,Crawl,2019,91542097.0,39014193.0,42.6,52527904.0,57.4
280,Five Feet Apart,2019,91522094.0,45729221.0,50.0,45792873.0,50.0
281,Rambo: Last Blood,2019,91490353.0,44819352.0,49.0,46671001.0,51.0
282,Jojo Rabbit,2019,90335025.0,33370906.0,36.9,56964119.0,63.1
283,One Piece: Stampede,2019,81562741.0,1298528.0,1.6,80264213.0,98.4
284,A Dog's Way Home,2019,80708134.0,42004346.0,52.0,38703788.0,48.0
285,Cold Pursuit,2019,76419755.0,32138862.0,42.1,44280893.0,57.9
286,A Dog's Journey,2019,75741734.0,22782371.0,30.1,52959363.0,69.9
287,A Madea Family Funeral,2019,74747725.0,73257045.0,98.0,1490680.0,2.0
288,Cats,2019,73833415.0,27166770.0,36.8,46666645.0,63.2
289,Charlie's Angels,2019,73279888.0,17803077.0,24.3,55476811.0,75.7
290,Serial (Bad) Weddings 2,2019,72464131.0,0.0,0.0,72464131.0,100.0
291,Doctor Sleep,2019,72381712.0,31581712.0,43.6,40800000.0,56.4
292,What Men Want,2019,72216294.0,54611903.0,75.6,17604391.0,24.4
293,After,2019,69518232.0,12138565.0,17.5,57379667.0,82.5
294,Exit,2019,69501772.0,470699.0,0.7,69031073.0,99.3
295,Playing with Fire,2019,69412425.0,44451847.0,64.0,24960578.0,36.0
296,A Beautiful Day in the Neighborhood,2019,67760877.0,61704055.0,91.1,6056822.0,8.9
297,War,2019,67179155.0,4654000.0,6.9,62525155.0,93.1
298,Eiga Doraemon: Nobita no getsumen tansaki,2019,65406606.0,0.0,0.0,65406606.0,100.0
299,Happy Death Day 2U,2019,64600152.0,28148130.0,43.6,36452022.0,56.4
300,Avengers: Infinity War,2018,2048359754.0,678815482.0,33.1,1369544272.0,66.9
301,Black Panther,2018,1346913161.0,700059566.0,52.0,646853595.0,48.0
302,Jurassic World: Fallen Kingdom,2018,1308467944.0,417719760.0,31.9,890748184.0,68.1
303,Incredibles 2,2018,1242805359.0,608581744.0,49.0,634223615.0,51.0
304,Aquaman,2018,1148461807.0,335061807.0,29.2,813400000.0,70.8
305,Bohemian Rhapsody,2018,903655259.0,216428042.0,24.0,687227217.0,76.0
306,Venom,2018,856085151.0,213515506.0,24.9,642569645.0,75.1
307,Mission: Impossible - Fallout,2018,791115104.0,220159104.0,27.8,570956000.0,72.2
308,Deadpool 2,2018,734546611.0,318491426.0,43.4,416055185.0,56.6
309,Fantastic Beasts: The Crimes of Grindelwald,2018,654855901.0,159555901.0,24.4,495300000.0,75.6
310,Ant-Man and the Wasp,2018,622674139.0,216648740.0,34.8,406025399.0,65.2
311,Ready Player One,2018,582890172.0,137690172.0,23.6,445200000.0,76.4
312,Operation Red Sea,2018,579330426.0,1543547.0,0.3,577786879.0,99.7
313,Detective Chinatown 2,2018,544185156.0,1983984.0,0.4,542201172.0,99.6
314,The Meg,2018,530243742.0,145443742.0,27.4,384800000.0,72.6
315,Ralph Breaks the Internet,2018,529323962.0,201091711.0,38.0,328232251.0,62.0
316,Hotel Transylvania 3: Summer Vacation,2018,528583774.0,167510016.0,31.7,361073758.0,68.3
317,The Grinch,2018,511595957.0,270620950.0,52.9,240975007.0,47.1
318,Bumblebee,2018,467989645.0,127195589.0,27.2,340794056.0,72.8
319,Dying to Survive,2018,451176639.0,0.0,0.0,451176639.0,100.0
320,A Star Is Born,2018,436188866.0,215288866.0,49.4,220900000.0,50.6
321,Rampage,2018,428028233.0,101028233.0,23.6,327000000.0,76.4
322,Mamma Mia! Here We Go Again,2018,395044706.0,120634935.0,30.5,274409771.0,69.5
323,Solo: A Star Wars Story,2018,392924807.0,213767512.0,54.4,179157295.0,45.6
324,Spider-Man: Into the Spider-Verse,2018,375540831.0,190241310.0,50.7,185299521.0,49.3
325,Fifty Shades Freed,2018,371985018.0,100407760.0,27.0,271577258.0,73.0
326,Hello Mr. Billionaire,2018,366961907.0,0.0,0.0,366961907.0,100.0
327,The Nun,2018,365550119.0,117450119.0,32.1,248100000.0,67.9
328,Monster Hunt 2,2018,361682618.0,706153.0,0.2,360976465.0,99.8
329,Peter Rabbit,2018,351266433.0,115253424.0,32.8,236013009.0,67.2
330,Mary Poppins Returns,2018,349537494.0,171958438.0,49.2,177579056.0,50.8
331,A Quiet Place,2018,340939361.0,188024361.0,55.1,152915000.0,44.9
332,Green Book,2018,321752656.0,85080171.0,26.4,236672485.0,73.6
333,Skyscraper,2018,304868961.0,68420120.0,22.4,236448841.0,77.6
334,Ocean's Eight,2018,297718711.0,140218711.0,47.1,157500000.0,52.9
335,Pacific Rim: Uprising,2018,290930148.0,59874525.0,20.6,231055623.0,79.4
336,Maze Runner: The Death Cure,2018,288175335.0,58032443.0,20.1,230142892.0,79.9
337,Tomb Raider,2018,274650803.0,58250803.0,21.2,216400000.0,78.8
338,Halloween,2018,255485178.0,159342015.0,62.4,96143163.0,37.6
339,Crazy Rich Asians,2018,238532921.0,174532921.0,73.2,64000000.0,26.8
340,Creed II,2018,214215889.0,115715889.0,54.0,98500000.0,46.0
341,Smallfoot,2018,214040103.0,83240103.0,38.9,130800000.0,61.1
342,Us and Them,2018,209221380.0,0.0,0.0,209221380.0,100.0
343,The Island,2018,198326350.0,670883.0,0.3,197655467.0,99.7
344,Christopher Robin,2018,197744377.0,99215042.0,50.2,98529335.0,49.8
345,The Equalizer 2,2018,190400157.0,102084362.0,53.6,88315795.0,46.4
346,Project Gutenberg,2018,188116796.0,0.0,0.0,188116796.0,100.0
347,The Mule,2018,174804407.0,103804407.0,59.4,71000000.0,40.6
348,The Nutcracker and the Four Realms,2018,173961069.0,54858851.0,31.5,119102218.0,68.5
349,Insidious: The Last Key,2018,167885588.0,67745330.0,40.4,100140258.0,59.6
350,The Predator,2018,160542134.0,51024708.0,31.8,109517426.0,68.2
351,Johnny English Strikes Again,2018,158970776.0,4412170.0,2.8,154558606.0,97.2
352,Red Sparrow,2018,151572634.0,46874505.0,30.9,104698129.0,69.1
353,More Than Blue,2018,142958164.0,722669.0,0.5,142235495.0,99.5
354,The First Purge,2018,137056262.0,69488745.0,50.7,67567517.0,49.3
355,How Long Will I Love U,2018,136796719.0,746933.0,0.5,136049786.0,99.5
356,A Wrinkle in Time,2018,132675864.0,100478608.0,75.7,32197256.0,24.3
357,The House with a Clock in Its Walls,2018,131457147.0,68549695.0,52.1,62907452.0,47.9
358,Instant Family,2018,120556201.0,67363237.0,55.9,53192964.0,44.1
359,A Cool Fish,2018,118153135.0,551876.0,0.5,117601259.0,99.5
360,Game Night,2018,117679066.0,69179066.0,58.8,48500000.0,41.2
361,Dragon Ball Super: Broly,2018,115757940.0,30712119.0,26.5,85045821.0,73.5
362,The Monkey King 3,2018,115084576.0,187074.0,0.2,114897502.0,99.8
363,First Man,2018,105697415.0,44936545.0,42.5,60760870.0,57.5
364,Book Club,2018,104438188.0,68566296.0,65.7,35871892.0,34.3
365,Night School,2018,103105878.0,77339130.0,75.0,25766748.0,25.0
366,Detective Conan: Zero the Enforcer,2018,101860359.0,0.0,0.0,101860359.0,100.0
367,Alpha,2018,98203196.0,35857181.0,36.5,62346015.0,63.5
368,Along With the Gods: The Last 49 Days,2018,97962238.0,1200246.0,1.2,96761992.0,98.8
369,A Simple Favor,2018,97644617.0,53548586.0,54.8,44096031.0,45.2
370,Boonie Bears 5,2018,96820519.0,0.0,0.0,96820519.0,100.0
371,The Favourite,2018,95918706.0,34366783.0,35.8,61551923.0,64.2
372,Truth or Dare,2018,95330493.0,41411015.0,43.4,53919478.0,56.6
373,Kill Mobile,2018,94870905.0,0.0,0.0,94870905.0,100.0
374,I Feel Pretty,2018,94539426.0,48795601.0,51.6,45743825.0,48.4
375,Blockers,2018,94017294.0,60311495.0,64.1,33705799.0,35.9
376,BlacKkKlansman,2018,93400823.0,49275340.0,52.8,44125483.0,47.2
377,Goosebumps 2: Haunted Halloween,2018,93320380.0,46700633.0,50.0,46619747.0,50.0
378,Shadow,2018,91708374.0,521396.0,0.6,91186978.0,99.4
379,Overboard,2018,91244913.0,50316123.0,55.1,40928790.0,44.9
380,Sherlock Gnomes,2018,90497778.0,43242871.0,47.8,47254907.0,52.2
381,Detective Dee: The Four Heavenly Kings,2018,90040771.0,262963.0,0.3,89777808.0,99.7
382,"Hello, Mrs. Money",2018,86874070.0,0.0,0.0,86874070.0,100.0
383,Robin Hood,2018,86489031.0,30824628.0,35.6,55664403.0,64.4
384,I Can Only Imagine,2018,86086881.0,83482352.0,97.0,2604529.0,3.0
385,Hidden Man,2018,85170581.0,0.0,0.0,85170581.0,100.0
386,Mortal Engines,2018,83672673.0,15951040.0,19.1,67721633.0,80.9
387,iPartment the Movie,2018,81096321.0,0.0,0.0,81096321.0,100.0
388,Doraemon the Movie: Nobita's Treasure Island,2018,80920916.0,0.0,0.0,80920916.0,100.0
389,Den of Thieves,2018,80509622.0,44947622.0,55.8,35562000.0,44.2
390,Hereditary,2018,80200936.0,44069456.0,54.9,36131480.0,45.1
391,Code Blue: The Movie,2018,78778562.0,0.0,0.0,78778562.0,100.0
392,Tag,2018,78130625.0,54730625.0,70.1,23400000.0,29.9
393,Sanju,2018,76693052.0,7909317.0,10.3,68783735.0,89.7
394,Vice,2018,76073488.0,47836282.0,62.9,28237206.0,37.1
395,Widows,2018,75984700.0,42402632.0,55.8,33582068.0,44.2
396,Sicario: Day of the Soldado,2018,75837743.0,50072235.0,66.0,25765508.0,34.0
397,Searching,2018,75462037.0,26020957.0,34.5,49441080.0,65.5
398,The Spy Who Dumped Me,2018,75320680.0,33562069.0,44.6,41758611.0,55.4
399,Animal World,2018,74922830.0,0.0,0.0,74922830.0,100.0
400,Star Wars: Episode VIII - The Last Jedi,2017,1332539889.0,620181382.0,46.5,712358507.0,53.5
401,Beauty and the Beast,2017,1263521126.0,504014165.0,39.9,759506961.0,60.1
402,The Fate of the Furious,2017,1236005118.0,226008385.0,18.3,1009996733.0,81.7
403,Despicable Me 3,2017,1034799409.0,264624300.0,25.6,770175109.0,74.4
404,Jumanji: Welcome to the Jungle,2017,962077546.0,404515480.0,42.0,557562066.0,58.0
405,Spider-Man: Homecoming,2017,880166924.0,334201140.0,38.0,545965784.0,62.0
406,Wolf Warrior 2,2017,870325439.0,2721100.0,0.3,867604339.0,99.7
407,Guardians of the Galaxy Vol. 2,2017,863756051.0,389813101.0,45.1,473942950.0,54.9
408,Thor: Ragnarok,2017,853977126.0,315058289.0,36.9,538918837.0,63.1
409,Wonder Woman,2017,821847012.0,412563408.0,50.2,409283604.0,49.8
410,Coco,2017,807816196.0,210460015.0,26.1,597356181.0,73.9
411,Pirates of the Caribbean: Dead Men Tell No Tales,2017,794861794.0,172558876.0,21.7,622302918.0,78.3
412,It,2017,700381748.0,327481748.0,46.8,372900000.0,53.2
413,Justice League,2017,657924295.0,229024295.0,34.8,428900000.0,65.2
414,Logan,2017,619021436.0,226277068.0,36.6,392744368.0,63.4
415,Transformers: The Last Knight,2017,605425157.0,130168683.0,21.5,475256474.0,78.5
416,Kong: Skull Island,2017,566652812.0,168052812.0,29.7,398600000.0,70.3
417,The Boss Baby,2017,527965936.0,175003033.0,33.1,352962903.0,66.9
418,Dunkirk,2017,525245546.0,188045546.0,35.8,337200000.0,64.2
419,War for the Planet of the Apes,2017,490719763.0,146880162.0,29.9,343839601.0,70.1
420,The Greatest Showman,2017,434993183.0,174340174.0,40.1,260653009.0,59.9
421,Kingsman: The Golden Circle,2017,410902662.0,100234838.0,24.4,310667824.0,75.6
422,The Mummy,2017,409231607.0,80227895.0,19.6,329003712.0,80.4
423,Cars 3,2017,383930656.0,152901115.0,39.8,231029541.0,60.2
424,Fifty Shades Darker,2017,381545846.0,114581250.0,30.0,266964596.0,70.0
425,Murder on the Orient Express,2017,352789811.0,102826543.0,29.1,249963268.0,70.9
426,xXx: Return of Xander Cage,2017,346118277.0,44898413.0,13.0,301219864.0,87.0
427,Never Say Die,2017,334530869.0,0.0,0.0,334530869.0,100.0
428,The Lego Batman Movie,2017,311950384.0,175750384.0,56.3,136200000.0,43.7
429,The Ex-File 3: The Return of The Exes,2017,307592427.0,838959.0,0.3,306753468.0,99.7
430,Annabelle: Creation,2017,306515884.0,102092201.0,33.3,204423683.0,66.7
431,Wonder,2017,305937718.0,132422809.0,43.3,173514909.0,56.7
432,Ferdinand,2017,296069199.0,84410380.0,28.5,211658819.0,71.5
433,Split,2017,278454358.0,138291365.0,49.7,140162993.0,50.3
434,Blade Runner 2049,2017,259239658.0,92054159.0,35.5,167185499.0,64.5
435,Kung Fu Yoga,2017,257743016.0,362657.0,0.1,257380359.0,99.9
436,Get Out,2017,255407969.0,176040665.0,68.9,79367304.0,31.1
437,Baahubali 2: The Conclusion,2017,254158390.0,20186659.0,7.9,233971731.0,92.1
438,Journey to the West: The Demons Strike Back,2017,247585244.0,880346.0,0.4,246704898.0,99.6
439,Alien: Covenant,2017,240891763.0,74262031.0,30.8,166629732.0,69.2
440,Paddington 2,2017,227978523.0,40891591.0,17.9,187086932.0,82.1
441,Youth,2017,227091290.0,1891956.0,0.8,225199334.0,99.2
442,Baby Driver,2017,226945087.0,107825862.0,47.5,119119225.0,52.5
443,Valerian and the City of a Thousand Planets,2017,225874228.0,41189488.0,18.2,184684740.0,81.8
444,Geostorm,2017,221600160.0,33700160.0,15.2,187900000.0,84.8
445,The Emoji Movie,2017,217776646.0,86089513.0,39.5,131687133.0,60.5
446,A Dog's Purpose,2017,205035819.0,64508620.0,31.5,140527199.0,68.5
447,Smurfs: The Lost Village,2017,197183546.0,45020282.0,22.8,152163264.0,77.2
448,The Shape of Water,2017,195333312.0,63859435.0,32.7,131473877.0,67.3
449,Pitch Perfect 3,2017,185400345.0,104897530.0,56.6,80502815.0,43.4
450,Daddy's Home 2,2017,180613180.0,104029443.0,57.6,76583737.0,42.4
451,The Post,2017,179769457.0,81903458.0,45.6,97865999.0,54.4
452,Baywatch,2017,177856751.0,58060186.0,32.6,119796565.0,67.4
453,The Hitman's Bodyguard,2017,176586701.0,75468583.0,42.7,101118118.0,57.3
454,John Wick: Chapter 2,2017,171539887.0,92029184.0,53.6,79510703.0,46.4
455,Ghost in the Shell,2017,169801921.0,40563557.0,23.9,129238364.0,76.1
456,"Three Billboards Outside Ebbing, Missouri",2017,160192031.0,54513740.0,34.0,105678291.0,66.0
457,Duckweed,2017,152894264.0,471575.0,0.3,152422689.0,99.7
458,Darkest Hour,2017,150847207.0,56468410.0,37.4,94378797.0,62.6
459,King Arthur: Legend of the Sword,2017,148675066.0,39175066.0,26.3,109500000.0,73.7
460,The Foreigner,2017,145374099.0,34393507.0,23.7,110980592.0,76.3
461,Power Rangers,2017,142337240.0,85364450.0,60.0,56972790.0,40.0
462,Girls Trip,2017,140552359.0,115171585.0,81.9,25380774.0,18.1
463,American Made,2017,134866593.0,51342000.0,38.1,83524593.0,61.9
464,A Bad Moms Christmas,2017,130560428.0,72110659.0,55.2,58449769.0,44.8
465,Happy Death Day,2017,125479266.0,55683845.0,44.4,69795421.0,55.6
466,Captain Underpants: The First Epic Movie,2017,125427681.0,73921000.0,58.9,51506681.0,41.1
467,The Lego Ninjago Movie,2017,123081555.0,59281555.0,48.2,63800000.0,51.8
468,Secret Superstar,2017,122026260.0,0.0,0.0,122026260.0,100.0
469,The Commuter,2017,119942387.0,36343858.0,30.3,83598529.0,69.7
470,Forever Young,2017,119055731.0,0.0,0.0,119055731.0,100.0
471,The Dark Tower,2017,113231078.0,50701325.0,44.8,62529753.0,55.2
472,Buddies in India,2017,110155128.0,293194.0,0.3,109861934.0,99.7
473,Along With the Gods: The Two Worlds,2017,109383972.0,1908823.0,1.7,107475149.0,98.3
474,The Tales of Wukong,2017,103818506.0,0.0,0.0,103818506.0,100.0
475,Jigsaw,2017,102952888.0,38052832.0,37.0,64900056.0,63.0
476,Life,2017,100541806.0,30234022.0,30.1,70307784.0,69.9
477,Atomic Blonde,2017,100014025.0,51687870.0,51.7,48326155.0,48.3
478,Legend of the Demon Cat,2017,97051623.0,0.0,0.0,97051623.0,100.0
479,The Shack,2017,96942115.0,57386418.0,59.2,39555697.0,40.8
480,Chasing the Dragon,2017,87965942.0,456854.0,0.5,87509088.0,99.5
481,Tiger Zinda Hai,2017,87320000.0,5560921.0,6.4,81759079.0,93.6
482,A Taxi Driver,2017,86252940.0,1527829.0,1.8,84725111.0,98.2
483,Going in Style,2017,84918541.0,45018541.0,53.0,39900000.0,47.0
484,Rings,2017,83080890.0,27793018.0,33.5,55287872.0,66.5
485,Once Upon A Time,2017,82886178.0,485728.0,0.6,82400450.0,99.4
486,Paradox,2017,79226860.0,0.0,0.0,79226860.0,100.0
487,Lady Bird,2017,78965611.0,48958273.0,62.0,30007338.0,38.0
488,Fantastica: A Boonie Bears Adventure,2017,77151096.0,0.0,0.0,77151096.0,100.0
489,The Nut Job 2: Nutty by Nature,2017,68743485.0,28370522.0,41.3,40372963.0,58.7
490,American Assassin,2017,67234188.0,36249674.0,53.9,30984514.0,46.1
491,Victoria & Abdul,2017,66558465.0,22245070.0,33.4,44313395.0,66.6
492,Suck Me Shakespeer 3,2017,64236772.0,0.0,0.0,64236772.0,100.0
493,Detective Conan: Crimson Love Letter,2017,63144805.0,0.0,0.0,63144805.0,100.0
494,The Mountain Between Us,2017,62832209.0,30348555.0,48.3,32483654.0,51.7
495,The Star,2017,62812974.0,40852824.0,65.0,21960150.0,35.0
496,How to Be a Latin Lover,2017,62547032.0,32149404.0,51.4,30397628.0,48.6
497,47 Meters Down,2017,62187529.0,44307191.0,71.2,17880338.0,28.8
498,"Everything, Everything",2017,61621140.0,34121140.0,55.4,27500000.0,44.6
499,Doraemon: Great Adventure in the Antarctic Kachi Kochi,2017,61153455.0,0.0,0.0,61153455.0,100.0
500,Captain America: Civil War,2016,1153296293.0,408084349.0,35.4,745211944.0,64.6
501,Rogue One: A Star Wars Story,2016,1056057273.0,532177324.0,50.4,523879949.0,49.6
502,Finding Dory,2016,1028570889.0,486295561.0,47.3,542275328.0,52.7
503,Zootopia,2016,1023784195.0,341268248.0,33.3,682515947.0,66.7
504,The Jungle Book,2016,966550600.0,364001123.0,37.7,602549477.0,62.3
505,The Secret Life of Pets,2016,875457937.0,368384330.0,42.1,507073607.0,57.9
506,Batman v Superman: Dawn of Justice,2016,873634919.0,330360194.0,37.8,543274725.0,62.2
507,Fantastic Beasts and Where to Find Them,2016,814037575.0,234037575.0,28.8,580000000.0,71.2
508,Deadpool,2016,782612155.0,363070709.0,46.4,419541446.0,53.6
509,Suicide Squad,2016,746846894.0,325100054.0,43.5,421746840.0,56.5
510,Doctor Strange,2016,677718395.0,232641920.0,34.3,445076475.0,65.7
511,Moana,2016,643331111.0,248757044.0,38.7,394574067.0,61.3
512,Sing,2016,634151679.0,270395425.0,42.6,363756254.0,57.4
513,Mei ren yu,2016,553810228.0,3232685.0,0.6,550577543.0,99.4
514,X-Men: Apocalypse,2016,543934105.0,155442489.0,28.6,388491616.0,71.4
515,Kung Fu Panda 3,2016,521170825.0,143528619.0,27.5,377642206.0,72.5
516,La La Land,2016,447407695.0,151101803.0,33.8,296305892.0,66.2
517,Warcraft,2016,439048914.0,47365290.0,10.8,391683624.0,89.2
518,Jason Bourne,2016,415484914.0,162434410.0,39.1,253050504.0,60.9
519,Ice Age: Collision Course,2016,408579038.0,64063008.0,15.7,344516030.0,84.3
520,Independence Day: Resurgence,2016,389681935.0,103144286.0,26.5,286537649.0,73.5
521,Your Name.,2016,357986087.0,5017246.0,1.4,352968841.0,98.6
522,The Legend of Tarzan,2016,356700357.0,126643061.0,35.5,230057296.0,64.5
523,The Angry Birds Movie,2016,352333929.0,107509366.0,30.5,244824563.0,69.5
524,Trolls,2016,346864462.0,153707064.0,44.3,193157398.0,55.7
525,Star Trek Beyond,2016,343471816.0,158848340.0,46.2,184623476.0,53.8
526,The Great Wall,2016,334933831.0,45540830.0,13.6,289393001.0,86.4
527,Now You See Me 2,2016,334897606.0,65075540.0,19.4,269822066.0,80.6
528,The Conjuring 2,2016,320392818.0,102470008.0,32.0,217922810.0,68.0
529,Resident Evil: The Final Chapter,2016,312242626.0,26830068.0,8.6,285412558.0,91.4
530,Dangal,2016,303723636.0,12391761.0,4.1,291331875.0,95.9
531,Passengers,2016,303144152.0,100014699.0,33.0,203129453.0,67.0
532,Alice Through the Looking Glass,2016,299457024.0,77041381.0,25.7,222415643.0,74.3
533,Miss Peregrine's Home for Peculiar Children,2016,296482446.0,87242834.0,29.4,209239612.0,70.6
534,Teenage Mutant Ninja Turtles 2: Out of the Shadows,2016,245623848.0,82051601.0,33.4,163572247.0,66.6
535,Sully,2016,240797623.0,125070033.0,51.9,115727590.0,48.1
536,Assassin's Creed,2016,240697856.0,54647948.0,22.7,186049908.0,77.3
537,Hidden Figures,2016,235956898.0,169607287.0,71.9,66349611.0,28.1
538,Ghostbusters,2016,229147509.0,128350574.0,56.0,100796935.0,44.0
539,Inferno,2016,220021259.0,34343574.0,15.6,185677685.0,84.4
540,Central Intelligence,2016,216972543.0,127440871.0,58.7,89531672.0,41.3
541,Bridget Jones's Baby,2016,211952420.0,24252420.0,11.4,187700000.0,88.6
542,Me Before You,2016,208314186.0,56245075.0,27.0,152069111.0,73.0
543,London Has Fallen,2016,205754447.0,62524260.0,30.4,143230187.0,69.6
544,Arrival,2016,203388186.0,100546139.0,49.4,102842047.0,50.6
545,The BFG,2016,195243411.0,55483770.0,28.4,139759641.0,71.6
546,The Monkey King 2,2016,193678298.0,709982.0,0.4,192968316.0,99.6
547,Bad Moms,2016,183936074.0,113257297.0,61.6,70678777.0,38.4
548,Storks,2016,183388953.0,72679278.0,39.6,110709675.0,60.4
549,From Vegas to Macau III,2016,181732879.0,0.0,0.0,181732879.0,100.0
550,Hacksaw Ridge,2016,180563636.0,67209615.0,37.2,113354021.0,62.8
551,Allegiant,2016,179246868.0,66184051.0,36.9,113062817.0,63.1
552,Operation Mekong,2016,173839072.0,800012.0,0.5,173039060.0,99.5
553,The Girl on the Train,2016,173185859.0,75395035.0,43.5,97790824.0,56.5
554,The Huntsman: Winter's War,2016,164989338.0,48390190.0,29.3,116599148.0,70.7
555,The Magnificent Seven,2016,162360636.0,93432655.0,57.5,68927981.0,42.5
556,Jack Reacher: Never Go Back,2016,162146076.0,58697076.0,36.2,103449000.0,63.8
557,Don't Breathe,2016,157761002.0,89217875.0,56.6,68543127.0,43.4
558,The Accountant,2016,155160045.0,86260045.0,55.6,68900000.0,44.4
559,Lights Out,2016,148868835.0,67268835.0,45.2,81600000.0,54.8
560,Time Raiders,2016,145819137.0,0.0,0.0,145819137.0,100.0
561,Pete's Dragon,2016,143695338.0,76233151.0,53.1,67462187.0,46.9
562,Sausage Party,2016,140705322.0,97685686.0,69.4,43019636.0,30.6
563,Lion,2016,140312928.0,51738905.0,36.9,88574023.0,63.1
564,Skiptrace,2016,136579287.0,0.0,0.0,136579287.0,100.0
565,Mechanic: Resurrection,2016,125729635.0,21218403.0,16.9,104511232.0,83.1
566,Deepwater Horizon,2016,121790373.0,61433527.0,50.4,60356846.0,49.6
567,Allied,2016,119520023.0,40098064.0,33.5,79421959.0,66.5
568,I Belonged to You,2016,119107580.0,744541.0,0.6,118363039.0,99.4
569,The Shallows,2016,119100758.0,55124043.0,46.3,63976715.0,53.7
570,The Purge: Election Year,2016,118587880.0,79213375.0,66.8,39374505.0,33.2
571,Why Him?,2016,118102725.0,60323786.0,51.1,57778939.0,48.9
572,Book of Love,2016,114679097.0,0.0,0.0,114679097.0,100.0
573,Office Christmas Party,2016,114501299.0,54767494.0,47.8,59733805.0,52.2
574,How to Be Single,2016,112343513.0,46843513.0,41.7,65500000.0,58.3
575,10 Cloverfield Lane,2016,110216998.0,72082998.0,65.4,38134000.0,34.6
576,Neighbors 2: Sorority Rising,2016,108007109.0,55455765.0,51.3,52551344.0,48.7
577,Cold War II,2016,103197501.0,560824.0,0.5,102636677.0,99.5
578,Railroad Tigers,2016,102205175.0,218044.0,0.2,101987131.0,99.8
579,Qing sheng,2016,95721320.0,100026.0,0.1,95621294.0,99.9
580,Dirty Grandpa,2016,94073028.0,35593113.0,37.8,58479915.0,62.2
581,Ben-Hur,2016,94061311.0,26410477.0,28.1,67650834.0,71.9
582,Money Monster,2016,93282604.0,41012075.0,44.0,52270529.0,56.0
583,Train to Busan,2016,92742323.0,2129768.0,2.3,90612555.0,97.7
584,My Big Fat Greek Wedding 2,2016,90632641.0,59689605.0,65.9,30943036.0,34.1
585,Collateral Beauty,2016,88528280.0,31016021.0,35.0,57512259.0,65.0
586,Line Walker,2016,88228755.0,0.0,0.0,88228755.0,100.0
587,Sultan,2016,87280000.0,6200000.0,7.1,81080000.0,92.9
588,War Dogs,2016,86234523.0,43034523.0,49.9,43200000.0,50.1
589,Big Fish & Begonia,2016,85409373.0,0.0,0.0,85409373.0,100.0
590,Nerve,2016,85251425.0,38583626.0,45.3,46667799.0,54.7
591,Leap!,2016,84197417.0,2844490.0,3.4,81352927.0,96.6
592,Ouija: Origin of Evil,2016,81705746.0,35144505.0,43.0,46561241.0,57.0
593,Underworld: Blood Wars,2016,81093313.0,30353973.0,37.4,50739340.0,62.6
594,Manchester by the Sea,2016,78988148.0,47695371.0,60.4,31292777.0,39.6
595,The Boss,2016,78844582.0,63285885.0,80.3,15558697.0,19.7
596,Shin Godzilla,2016,77947607.0,1918403.0,2.5,76029204.0,97.5
597,Mike and Dave Need Wedding Dates,2016,77068246.0,46009673.0,59.7,31058573.0,40.3
598,Kubo and the Two Strings,2016,76249438.0,48023088.0,63.0,28226350.0,37.0
599,Quo vado?,2016,75878701.0,0.0,0.0,75878701.0,100.0
600,Star Wars: Episode VII - The Force Awakens,2015,2068223624.0,936662225.0,45.3,1131561399.0,54.7
601,Jurassic World,2015,1670400637.0,652270625.0,39.0,1018130012.0,61.0
602,Furious 7,2015,1515047671.0,353007020.0,23.3,1162040651.0,76.7
603,Avengers: Age of Ultron,2015,1402805868.0,459005868.0,32.7,943800000.0,67.3
604,Minions,2015,1159398397.0,336045770.0,29.0,823352627.0,71.0
605,Spectre,2015,880674609.0,200074609.0,22.7,680600000.0,77.3
606,Inside Out,2015,857611174.0,356461711.0,41.6,501149463.0,58.4
607,Mission: Impossible - Rogue Nation,2015,682714267.0,195042377.0,28.6,487671890.0,71.4
608,The Hunger Games: Mockingjay - Part 2,2015,658344137.0,281723902.0,42.8,376620235.0,57.2
609,The Martian,2015,630161890.0,228433663.0,36.2,401728227.0,63.8
610,Fifty Shades of Grey,2015,569651467.0,166167230.0,29.2,403484237.0,70.8
611,Cinderella,2015,542351353.0,201151353.0,37.1,341200000.0,62.9
612,The Revenant,2015,532950503.0,183637894.0,34.5,349312609.0,65.5
613,Ant-Man,2015,519311965.0,180202163.0,34.7,339109802.0,65.3
614,Hotel Transylvania 2,2015,474800000.0,169700110.0,35.7,305099890.0,64.3
615,San Andreas,2015,473990832.0,155190832.0,32.7,318800000.0,67.3
616,Terminator Genisys,2015,440603537.0,89760956.0,20.4,350842581.0,79.6
617,Kingsman: The Secret Service,2015,414351546.0,128261724.0,31.0,286089822.0,69.0
618,Monster Hunt,2015,387053506.0,32766.0,0.1,387020740.0,100.0
619,Home,2015,386041607.0,177397510.0,46.0,208644097.0,54.0
620,Mad Max: Fury Road,2015,374736354.0,153636354.0,41.0,221100000.0,59.0
621,The Good Dinosaur,2015,332207671.0,123087120.0,37.1,209120551.0,62.9
622,Taken 3,2015,326479141.0,89256424.0,27.3,237222717.0,72.7
623,The SpongeBob Movie: Sponge Out of Water,2015,325186032.0,162994032.0,50.1,162192000.0,49.9
624,Maze Runner: The Scorch Trials,2015,312296056.0,81697192.0,26.2,230598864.0,73.8
625,The Divergent Series: Insurgent,2015,297002527.0,130179072.0,43.8,166823455.0,56.2
626,Pitch Perfect 2,2015,287144079.0,184296230.0,64.2,102847849.0,35.8
627,Mojin: The Lost Legend,2015,259368448.0,1243810.0,0.5,258124638.0,99.5
628,Lost in Hong Kong,2015,256283912.0,1302281.0,0.5,254981631.0,99.5
629,The Peanuts Movie,2015,246233113.0,130178411.0,52.9,116054702.0,47.1
630,Pixels,2015,244874809.0,78747585.0,32.2,166127224.0,67.8
631,Daddy's Home,2015,242786137.0,150357137.0,61.9,92429000.0,38.1
632,Spy,2015,235666219.0,110825712.0,47.0,124840507.0,53.0
633,Alvin and the Chipmunks: The Road Chip,2015,234798636.0,85886987.0,36.6,148911649.0,63.4
634,Goodbye Mr. Loser,2015,228122928.0,1293626.0,0.6,226829302.0,99.4
635,Ted 2,2015,215863606.0,81476385.0,37.7,134387221.0,62.3
636,Tomorrowland,2015,209035668.0,93436322.0,44.7,115599346.0,55.3
637,Everest,2015,203427584.0,43482270.0,21.4,159945314.0,78.6
638,Straight Outta Compton,2015,201634991.0,161197785.0,79.9,40437206.0,20.1
639,The Intern,2015,194564672.0,75764672.0,38.9,118800000.0,61.1
640,Jian Bing Man,2015,186683536.0,0.0,0.0,186683536.0,100.0
641,Jupiter Ascending,2015,183887723.0,47387723.0,25.8,136500000.0,74.2
642,Creed,2015,173567581.0,109767581.0,63.2,63800000.0,36.8
643,Fantastic Four,2015,167882881.0,56117548.0,33.4,111765333.0,66.6
644,Bridge of Spies,2015,165478348.0,72313754.0,43.7,93164594.0,56.3
645,From Vegas to Macau II,2015,163877532.0,0.0,0.0,163877532.0,100.0
646,Focus,2015,158762963.0,53862963.0,33.9,104900000.0,66.1
647,Goosebumps,2015,158260952.0,80080379.0,50.6,78180573.0,49.4
648,Ip Man 3,2015,156954938.0,2679437.0,1.7,154275501.0,98.3
649,The Hateful Eight,2015,155760117.0,54117416.0,34.7,101642701.0,65.3
650,Monkey King: Hero Is Back,2015,153262397.0,0.0,0.0,153262397.0,100.0
651,Gods of Egypt,2015,150680864.0,31153464.0,20.7,119527400.0,79.3
652,The Last Witch Hunter,2015,146936910.0,27367660.0,18.6,119569250.0,81.4
653,Trainwreck,2015,140795793.0,110212700.0,78.3,30583093.0,21.7
654,Mr. Six,2015,139191345.0,1415450.0,1.0,137775895.0,99.0
655,Point Break,2015,133718711.0,28782481.0,21.5,104936230.0,78.5
656,The Big Short,2015,133440870.0,70259870.0,52.7,63181000.0,47.3
657,Pan,2015,128388320.0,35088320.0,27.3,93300000.0,72.7
658,Detective Chinatown,2015,125842935.0,474252.0,0.4,125368683.0,99.6
659,Wolf Totem,2015,125837070.0,210591.0,0.2,125626479.0,99.8
660,Ride Along 2,2015,124605297.0,91221830.0,73.2,33383467.0,26.8
661,Dragon Blade,2015,122593849.0,74068.0,0.1,122519781.0,99.9
662,Magic Mike XXL,2015,117813057.0,66013057.0,56.0,51800000.0,44.0
663,Insidious: Chapter 3,2015,112983889.0,52218558.0,46.2,60765331.0,53.8
664,Get Hard,2015,111711453.0,90411453.0,80.9,21300000.0,19.1
665,The 5th Wave,2015,109906372.0,34916787.0,31.8,74989585.0,68.2
666,Paul Blart: Mall Cop 2,2015,107588225.0,71038190.0,66.0,36550035.0,34.0
667,Vacation,2015,107228221.0,58884188.0,54.9,48344033.0,45.1
668,The Man from U.N.C.L.E.,2015,107045109.0,45445109.0,42.5,61600000.0,57.5
669,Chronicles of the Ghostly Tribe,2015,106380000.0,0.0,0.0,106380000.0,100.0
670,Shaun the Sheep Movie,2015,106209378.0,19375982.0,18.2,86833396.0,81.8
671,Sisters,2015,105011053.0,87044645.0,82.9,17966408.0,17.1
672,Chappie,2015,102811889.0,31569268.0,30.7,71242621.0,69.3
673,Joy,2015,101134059.0,56451232.0,55.8,44682827.0,44.2
674,Black Mass,2015,99775678.0,62575678.0,62.7,37200000.0,37.3
675,Spotlight,2015,98690254.0,45055776.0,45.7,53634478.0,54.3
676,Devil and Angel,2015,98599942.0,131058.0,0.1,98468884.0,99.9
677,The Visit,2015,98450062.0,65206105.0,66.2,33243957.0,33.8
678,The Little Prince,2015,97571250.0,1339152.0,1.4,96232098.0,98.6
679,Assassination,2015,96119773.0,1904682.0,2.0,94215091.0,98.0
680,Poltergeist,2015,95437994.0,47425125.0,49.7,48012869.0,50.3
681,Veteran,2015,94393020.0,1200627.0,1.3,93192393.0,98.7
682,In the Heart of the Sea,2015,93920758.0,25020758.0,26.6,68900000.0,73.4
683,Kill Zone 2,2015,93638358.0,11998.0,0.1,93626360.0,100.0
684,Southpaw,2015,91970827.0,52421953.0,57.0,39548874.0,43.0
685,The Second Best Exotic Marigold Hotel,2015,85978266.0,33078266.0,38.5,52900000.0,61.5
686,Paper Towns,2015,85512300.0,32000304.0,37.4,53511996.0,62.6
687,Sicario,2015,84872444.0,46889293.0,55.2,37983151.0,44.8
688,Our Times,2015,83867493.0,0.0,0.0,83867493.0,100.0
689,Suck Me Shakespeer 2,2015,83027924.0,0.0,0.0,83027924.0,100.0
690,Hitman: Agent 47,2015,82347656.0,22467450.0,27.3,59880206.0,72.7
691,Wolf Warrior,2015,81411331.0,0.0,0.0,81411331.0,100.0
692,Go Away Mr. Tumor,2015,80606893.0,286639.0,0.4,80320254.0,99.6
693,The Wedding Ringer,2015,79799880.0,64460211.0,80.8,15339669.0,19.2
694,Paranormal Activity: The Ghost Dimension,2015,78903124.0,18300124.0,23.2,60603000.0,76.8
695,The Left Ear,2015,78015473.0,0.0,0.0,78015473.0,100.0
696,Tiny Times 4.0,2015,77750000.0,0.0,0.0,77750000.0,100.0
697,Bajrangi Bhaijaan,2015,75547184.0,8178001.0,10.8,67369183.0,89.2
698,War Room,2015,73267874.0,67790117.0,92.5,5477757.0,7.5
699,The Transporter Refueled,2015,72629670.0,16029670.0,22.1,56600000.0,77.9
700,Transformers: Age of Extinction,2014,1104054072.0,245439076.0,22.2,858614996.0,77.8
701,The Hobbit: The Battle of the Five Armies,2014,956019788.0,255119788.0,26.7,700900000.0,73.3
702,Guardians of the Galaxy,2014,772776600.0,333176600.0,43.1,439600000.0,56.9
703,Maleficent,2014,758410378.0,241410378.0,31.8,517000000.0,68.2
704,The Hunger Games: Mockingjay - Part 1,2014,755356711.0,337135885.0,44.6,418220826.0,55.4
705,X-Men: Days of Future Past,2014,746045700.0,233921534.0,31.4,512124166.0,68.6
706,Captain America: The Winter Soldier,2014,714421503.0,259766572.0,36.4,454654931.0,63.6
707,Dawn of the Planet of the Apes,2014,710644566.0,208545589.0,29.3,502098977.0,70.7
708,The Amazing Spider-Man 2,2014,708982323.0,202853933.0,28.6,506128390.0,71.4
709,Interstellar,2014,677896797.0,188020017.0,27.7,489876780.0,72.3
710,Big Hero 6,2014,657827828.0,222527828.0,33.8,435300000.0,66.2
711,How to Train Your Dragon 2,2014,621537519.0,177002924.0,28.5,444534595.0,71.5
712,American Sniper,2014,547426372.0,350126372.0,64.0,197300000.0,36.0
713,Godzilla,2014,524976069.0,200676069.0,38.2,324300000.0,61.8
714,Rio 2,2014,498781117.0,131538435.0,26.4,367242682.0,73.6
715,Teenage Mutant Ninja Turtles,2014,485004754.0,191204754.0,39.4,293800000.0,60.6
716,The Lego Movie,2014,468060692.0,257760692.0,55.1,210300000.0,44.9
717,Lucy,2014,458863600.0,126663600.0,27.6,332200000.0,72.4
718,Penguins of Madagascar,2014,373515621.0,83850911.0,22.4,289664710.0,77.6
719,Edge of Tomorrow,2014,370541256.0,100206256.0,27.0,270335000.0,73.0
720,Gone Girl,2014,369330363.0,167767189.0,45.4,201563174.0,54.6
721,Night at the Museum: Secret of the Tomb,2014,363204635.0,113746621.0,31.3,249458014.0,68.7
722,Noah,2014,359200044.0,101200044.0,28.2,258000000.0,71.8
723,The Maze Runner,2014,348319861.0,102427862.0,29.4,245891999.0,70.6
724,300: Rise of an Empire,2014,337580051.0,106580051.0,31.6,231000000.0,68.4
725,22 Jump Street,2014,331333876.0,191719337.0,57.9,139614539.0,42.1
726,The Fault in Our Stars,2014,307166834.0,124872350.0,40.7,182294484.0,59.3
727,Divergent,2014,288885818.0,150947895.0,52.3,137937923.0,47.7
728,Paddington,2014,282370135.0,76271832.0,27.0,206098303.0,73.0
729,Mr. Peabody & Sherman,2014,275698039.0,111506430.0,40.4,164191609.0,59.6
730,Neighbors,2014,270665134.0,150157400.0,55.5,120507734.0,44.5
731,Exodus: Gods and Kings,2014,268175631.0,65014513.0,24.2,203161118.0,75.8
732,Annabelle,2014,257047661.0,84273813.0,32.8,172773848.0,67.2
733,Hercules,2014,244819862.0,72688614.0,29.7,172131248.0,70.3
734,RoboCop,2014,242688965.0,58607007.0,24.1,184081958.0,75.9
735,The Imitation Game,2014,233555708.0,91125683.0,39.0,142430025.0,61.0
736,Non-Stop,2014,222809600.0,92168600.0,41.4,130641000.0,58.6
737,Dracula Untold,2014,217124280.0,56280355.0,25.9,160843925.0,74.1
738,The Expendables 3,2014,214657577.0,39322544.0,18.3,175335033.0,81.7
739,Into the Woods,2014,212902372.0,128002372.0,60.1,84900000.0,39.9
740,Fury,2014,211817906.0,85817906.0,40.5,126000000.0,59.5
741,Need for Speed,2014,203277636.0,43577636.0,21.4,159700000.0,78.6
742,The Other Woman,2014,196710396.0,83911193.0,42.7,112799203.0,57.3
743,The Equalizer,2014,192330738.0,101530738.0,52.8,90800000.0,47.2
744,Breakup Buddies,2014,189017596.0,777896.0,0.4,188239700.0,99.6
745,Stand by Me Doraemon,2014,183442714.0,0.0,0.0,183442714.0,100.0
746,Serial (Bad) Weddings,2014,176404493.0,0.0,0.0,176404493.0,100.0
747,The Monkey King Havoc in Heavens Palace,2014,175835580.0,0.0,0.0,175835580.0,100.0
748,The Grand Budapest Hotel,2014,172936941.0,59301324.0,34.3,113635617.0,65.7
749,Dumb and Dumber to,2014,169837010.0,86208010.0,50.8,83629000.0,49.2
750,Into the Storm,2014,161502194.0,47602194.0,29.5,113900000.0,70.5
751,Unbroken,2014,161459297.0,115637895.0,71.6,45821402.0,28.4
752,The Monuments Men,2014,155641650.0,78031620.0,50.1,77610030.0,49.9
753,Ride Along,2014,154468902.0,134938200.0,87.4,19530702.0,12.6
754,Planes: Fire & Rescue,2014,146965787.0,59165787.0,40.3,87800000.0,59.7
755,The Taking of Tiger Mountain,2014,141654055.0,228984.0,0.2,141425071.0,99.8
756,The Admiral: Roaring Currents,2014,138342258.0,2589811.0,1.9,135752447.0,98.1
757,Let's Be Cops,2014,138224951.0,82390774.0,59.6,55834177.0,40.4
758,Annie,2014,136853506.0,85911262.0,62.8,50942244.0,37.2
759,Jack Ryan: Shadow Recruit,2014,135503748.0,50577412.0,37.3,84926336.0,62.7
760,Blended,2014,127994610.0,46294610.0,36.2,81700000.0,63.8
761,Sex Tape,2014,126069509.0,38543473.0,30.6,87526036.0,69.4
762,The Theory of Everything,2014,123726688.0,35893537.0,29.0,87833151.0,71.0
763,The Nut Job,2014,120885527.0,64251541.0,53.2,56633986.0,46.8
764,Pompeii,2014,117831631.0,23219748.0,19.7,94611883.0,80.3
765,Seventh Son,2014,114178613.0,17223265.0,15.1,96955348.0,84.9
766,The Purge: Anarchy,2014,111928365.0,71962800.0,64.3,39965565.0,35.7
767,"Dad, Where Are We Going?",2014,111870000.0,0.0,0.0,111870000.0,100.0
768,The Boxtrolls,2014,108255770.0,50837305.0,47.0,57418465.0,53.0
769,Horrible Bosses 2,2014,107645357.0,54445357.0,50.6,53200000.0,49.4
770,The Breakup Guru,2014,106980263.0,208959.0,0.2,106771304.0,99.8
771,Ouija,2014,103590271.0,50856010.0,49.1,52734261.0,50.9
772,Birdman or (The Unexpected Virtue of Ignorance),2014,103215094.0,42340598.0,41.0,60874496.0,59.0
773,Transcendence,2014,103039258.0,23022309.0,22.3,80016949.0,77.7
774,Heaven Is for Real,2014,101888019.0,91443253.0,89.7,10444766.0,10.3
775,"Alexander and the Terrible, Horrible, No Good, Very Bad Day",2014,100654149.0,66954149.0,66.5,33700000.0,33.5
776,Tammy,2014,100375432.0,84525432.0,84.2,15850000.0,15.8
777,PK,2014,100370104.0,10616104.0,10.6,89754000.0,89.4
778,The Continent,2014,100125957.0,0.0,0.0,100125957.0,100.0
779,The Book of Life,2014,99783556.0,50151543.0,50.3,49632013.0,49.7
780,Ode to My Father,2014,99085291.0,2300121.0,2.3,96785170.0,97.7
781,Fleet of Time,2014,94244191.0,569280.0,0.6,93674911.0,99.4
782,The Man from Macau,2014,93864936.0,0.0,0.0,93864936.0,100.0
783,Paranormal Activity: The Marked Ones,2014,90894962.0,32462372.0,35.7,58432590.0,64.3
784,The Hundred-Foot Journey,2014,89514453.0,54240821.0,60.6,35273632.0,39.4
785,Deliver Us from Evil,2014,87937815.0,30577122.0,34.8,57360693.0,65.2
786,A Million Ways to Die in the West,2014,87189756.0,43139300.0,49.5,44050456.0,50.5
787,Step Up All in,2014,86165646.0,14904384.0,17.3,71261262.0,82.7
788,John Wick,2014,86013056.0,43037835.0,50.0,42975221.0,50.0
789,The Judge,2014,84419388.0,47119388.0,55.8,37300000.0,44.2
790,Tiny Times 3.0,2014,82320000.0,0.0,0.0,82320000.0,100.0
791,Gone with the Bullets,2014,81387479.0,0.0,0.0,81387479.0,100.0
792,Muppets Most Wanted,2014,80383113.0,51183113.0,63.7,29200000.0,36.3
793,Spanish Affair,2014,78768613.0,0.0,0.0,78768613.0,100.0
794,If I Stay,2014,78274843.0,50474843.0,64.5,27800000.0,35.5
795,Head Full of Honey,2014,78127384.0,0.0,0.0,78127384.0,100.0
796,"I, Frankenstein",2014,76801179.0,19075290.0,24.8,57725889.0,75.2
797,Crimson Peak,2014,74679822.0,31090320.0,41.6,43589502.0,58.4
798,My Old Classmate,2014,73052128.0,0.0,0.0,73052128.0,100.0
799,The Bélier Family,2014,72751538.0,0.0,0.0,72751538.0,100.0
800,Frozen,2013,1280802282.0,400738009.0,31.3,880064273.0,68.7
801,Iron Man 3,2013,1214811252.0,409013994.0,33.7,805797258.0,66.3
802,Despicable Me 2,2013,970766005.0,368065385.0,37.9,602700620.0,62.1
803,The Hobbit: The Desolation of Smaug,2013,958366855.0,258366855.0,27.0,700000000.0,73.0
804,The Hunger Games: Catching Fire,2013,865011746.0,424668047.0,49.1,440343699.0,50.9
805,Fast & Furious 6,2013,788679850.0,238679850.0,30.3,550000000.0,69.7
806,Monsters University,2013,743559607.0,268492764.0,36.1,475066843.0,63.9
807,Gravity,2013,723192705.0,274092705.0,37.9,449100000.0,62.1
808,Man of Steel,2013,668045518.0,291045518.0,43.6,377000000.0,56.4
809,Thor: The Dark World,2013,644783140.0,206362140.0,32.0,438421000.0,68.0
810,The Croods,2013,587204668.0,187168425.0,31.9,400036243.0,68.1
811,World War Z,2013,540007876.0,202359711.0,37.5,337648165.0,62.5
812,Oz the Great and Powerful,2013,493311825.0,234911825.0,47.6,258400000.0,52.4
813,Star Trek Into Darkness,2013,467365246.0,228778661.0,49.0,238586585.0,51.0
814,The Wolverine,2013,414828246.0,132556852.0,32.0,282271394.0,68.0
815,Pacific Rim,2013,411002906.0,101802906.0,24.8,309200000.0,75.2
816,The Wolf of Wall Street,2013,392000694.0,116900694.0,29.8,275100000.0,70.2
817,G.I. Joe: Retaliation,2013,375740705.0,122523060.0,32.6,253217645.0,67.4
818,The Hangover Part III,2013,362000072.0,112200072.0,31.0,249800000.0,69.0
819,The Great Gatsby,2013,353641895.0,144840419.0,41.0,208801476.0,59.0
820,Now You See Me,2013,351723989.0,117723989.0,33.5,234000000.0,66.5
821,The Smurfs 2,2013,347545360.0,71017784.0,20.4,276527576.0,79.6
822,The Conjuring,2013,319494638.0,137400141.0,43.0,182094497.0,57.0
823,A Good Day to Die Hard,2013,304654182.0,67349198.0,22.1,237304984.0,77.9
824,Oblivion,2013,286168572.0,89107235.0,31.1,197061337.0,68.9
825,Elysium,2013,286140700.0,93050117.0,32.5,193090583.0,67.5
826,Turbo,2013,282570682.0,83028128.0,29.4,199542554.0,70.6
827,Cloudy with a Chance of Meatballs 2,2013,274325949.0,119793567.0,43.7,154532382.0,56.3
828,Epic,2013,268426634.0,107518682.0,40.1,160907952.0,59.9
829,The Lone Ranger,2013,260502115.0,89302115.0,34.3,171200000.0,65.7
830,American Hustle,2013,251171807.0,150117807.0,59.8,101054000.0,40.2
831,Grown Ups 2,2013,246984278.0,133668525.0,54.1,113315753.0,45.9
832,After Earth,2013,243611982.0,60522097.0,24.8,183089885.0,75.2
833,Planes,2013,239258712.0,90288712.0,37.7,148970000.0,62.3
834,Hansel & Gretel: Witch Hunters,2013,226349749.0,55703475.0,24.6,170646274.0,75.4
835,Captain Phillips,2013,218791811.0,107100855.0,49.0,111690956.0,51.0
836,Journey to the West,2013,205637183.0,18058.0,0.1,205619125.0,100.0
837,White House Down,2013,205366737.0,73103784.0,35.6,132262953.0,64.4
838,Percy Jackson: Sea of Monsters,2013,199850315.0,68559554.0,34.3,131290761.0,65.7
839,Jack the Giant Slayer,2013,197687603.0,65187603.0,33.0,132500000.0,67.0
840,The Secret Life of Walter Mitty,2013,188133322.0,58236838.0,31.0,129896484.0,69.0
841,12 Years a Slave,2013,187733202.0,56671993.0,30.2,131061209.0,69.8
842,Lee Daniels' The Butler,2013,177313795.0,116632095.0,65.8,60681700.0,34.2
843,Identity Thief,2013,173965010.0,134506920.0,77.3,39458090.0,22.7
844,Anchorman 2: The Legend Continues,2013,171464676.0,125168368.0,73.0,46296308.0,27.0
845,Olympus Has Fallen,2013,170270201.0,98925640.0,58.1,71344561.0,41.9
846,Insidious: Chapter 2,2013,161919318.0,83586447.0,51.6,78332871.0,48.4
847,Lone Survivor,2013,154802912.0,125095601.0,80.8,29707311.0,19.2
848,Bad Grandpa,2013,151826547.0,102003019.0,67.2,49823528.0,32.8
849,47 Ronin,2013,151783839.0,38362475.0,25.3,113421364.0,74.7
850,RED 2,2013,148075565.0,53262560.0,36.0,94813005.0,64.0
851,Mama,2013,146428180.0,71628180.0,48.9,74800000.0,51.1
852,Escape Plan,2013,137328301.0,25135965.0,18.3,112192336.0,81.7
853,2 Guns,2013,131940411.0,75612460.0,57.3,56327951.0,42.7
854,This Is the End,2013,126041322.0,101470202.0,80.5,24571120.0,19.5
855,Ender's Game,2013,125544024.0,61737191.0,49.2,63806833.0,50.8
856,Prisoners,2013,122126687.0,61002302.0,50.0,61124385.0,50.0
857,Jurassic Park 2013 Re-release,2013,118192315.0,45385935.0,38.4,72806380.0,61.6
858,Saving Mr. Banks,2013,117867984.0,83301580.0,70.7,34566404.0,29.3
859,Warm Bodies,2013,116980662.0,66380662.0,56.7,50600000.0,43.3
860,Personal Tailor,2013,116126458.0,375892.0,0.3,115750566.0,99.7
861,So Young,2013,114926694.0,11186.0,0.1,114915508.0,100.0
862,Free Birds,2013,110387072.0,55750480.0,50.5,54636592.0,49.5
863,Gangster Squad,2013,105200903.0,46000903.0,43.7,59200000.0,56.3
864,Instructions Not Included,2013,100486616.0,44467206.0,44.3,56019410.0,55.7
865,Philomena,2013,100129872.0,37709979.0,37.7,62419893.0,62.3
866,Blue Jasmine,2013,99104804.0,33405481.0,33.7,65699323.0,66.3
867,Young Detective Dee: Rise of the Sea Dragon,2013,98774891.0,87783.0,0.1,98687108.0,99.9
868,Riddick,2013,98337295.0,42025135.0,42.7,56312160.0,57.3
869,Safe Haven,2013,97594140.0,71349120.0,73.1,26245020.0,26.9
870,Evil Dead,2013,97542952.0,54239856.0,55.6,43303096.0,44.4
871,42,2013,97470701.0,95020213.0,97.5,2450488.0,2.5
872,The Mortal Instruments: City of Bones,2013,95396573.0,31165421.0,32.7,64231152.0,67.3
873,Rush,2013,95224595.0,26947624.0,28.3,68276971.0,71.7
874,Police Story: Lockdown,2013,94249025.0,0.0,0.0,94249025.0,100.0
875,The Internship,2013,93492844.0,44672764.0,47.8,48820080.0,52.2
876,The Purge,2013,89328627.0,64473115.0,72.2,24855512.0,27.8
877,Dhoom 3,2013,88031955.0,8031955.0,9.1,80000000.0,90.9
878,Pain & Gain,2013,87305549.0,49875291.0,57.1,37430258.0,42.9
879,About Time,2013,87100449.0,15322921.0,17.6,71777528.0,82.4
880,American Dreams in China,2013,87097067.0,0.0,0.0,87097067.0,100.0
881,Snowpiercer,2013,86758912.0,4563650.0,5.3,82195262.0,94.7
882,Carrie,2013,84790678.0,35266619.0,41.6,49524059.0,58.4
883,Finding Mr. Right,2013,84112033.0,6945.0,0.1,84105088.0,100.0
884,The Fighter Pilot,2013,82879386.0,0.0,0.0,82879386.0,100.0
885,Miracle in Cell No. 7,2013,82101723.0,0.0,0.0,82101723.0,100.0
886,The Attorney,2013,78547586.0,557236.0,0.7,77990350.0,99.3
887,The Family,2013,78418811.0,36918811.0,47.1,41500000.0,52.9
888,Scary Movie V,2013,78378744.0,32015787.0,40.8,46362957.0,59.2
889,R.I.P.D.,2013,78324220.0,33618855.0,42.9,44705365.0,57.1
890,Tiny Times,2013,77717014.0,23462.0,0.1,77693552.0,100.0
891,Suck Me Shakespeer,2013,77676735.0,0.0,0.0,77676735.0,100.0
892,The Book Thief,2013,76586316.0,21488481.0,28.1,55097835.0,71.9
893,Escape from Planet Earth,2013,74597643.0,57012977.0,76.4,17584666.0,23.6
894,August: Osage County,2013,74188937.0,37738810.0,50.9,36450127.0,49.1
895,The Best Man Holiday,2013,72835710.0,70525195.0,96.8,2310515.0,3.2
896,The Counselor,2013,71009334.0,16973715.0,23.9,54035619.0,76.1
897,Sole a catinelle,2013,69903094.0,0.0,0.0,69903094.0,100.0
898,The Call,2013,68572631.0,51872378.0,75.6,16700253.0,24.4
899,One Direction: This Is Us,2013,68532898.0,28873374.0,42.1,39659524.0,57.9
900,The Avengers,2012,1518812988.0,623357910.0,41.0,895455078.0,59.0
901,Skyfall,2012,1108561013.0,304360277.0,27.5,804200736.0,72.5
902,The Dark Knight Rises,2012,1081041287.0,448139099.0,41.5,632902188.0,58.5
903,The Hobbit: An Unexpected Journey,2012,1017003568.0,303003568.0,29.8,714000000.0,70.2
904,Ice Age: Continental Drift,2012,877244782.0,161321843.0,18.4,715922939.0,81.6
905,The Twilight Saga: Breaking Dawn - Part 2,2012,829746820.0,292324737.0,35.2,537422083.0,64.8
906,The Amazing Spider-Man,2012,757930663.0,262030663.0,34.6,495900000.0,65.4
907,Madagascar 3: Europe's Most Wanted,2012,746921274.0,216391482.0,29.0,530529792.0,71.0
908,The Hunger Games,2012,694394724.0,408010692.0,58.8,286384032.0,41.2
909,Men in Black 3,2012,624026776.0,179020854.0,28.7,445005922.0,71.3
910,Life of Pi,2012,609016565.0,124987023.0,20.5,484029542.0,79.5
911,Ted,2012,549368315.0,218815487.0,39.8,330552828.0,60.2
912,Brave,2012,538983207.0,237283207.0,44.0,301700000.0,56.0
913,Wreck-It Ralph,2012,471222889.0,189422889.0,40.2,281800000.0,59.8
914,Les Misérables,2012,441809770.0,148809770.0,33.7,293000000.0,66.3
915,Django Unchained,2012,425368238.0,162805434.0,38.3,262562804.0,61.7
916,Prometheus,2012,403354469.0,126477084.0,31.4,276877385.0,68.6
917,Snow White and the Huntsman,2012,396592829.0,155332381.0,39.2,241260448.0,60.8
918,Taken 2,2012,376141306.0,139854287.0,37.2,236287019.0,62.8
919,Hotel Transylvania,2012,358375603.0,148313048.0,41.4,210062555.0,58.6
920,Titanic 2012 3D Release,2012,350449521.0,57884114.0,16.5,292565407.0,83.5
921,The Lorax,2012,348840316.0,214030500.0,61.4,134809816.0,38.6
922,Journey 2: The Mysterious Island,2012,335260290.0,103860290.0,31.0,231400000.0,69.0
923,The Expendables 2,2012,314975955.0,85028192.0,27.0,229947763.0,73.0
924,Rise of the Guardians,2012,306941670.0,103412758.0,33.7,203528912.0,66.3
925,Battleship,2012,303025485.0,65422625.0,21.6,237602860.0,78.4
926,Wrath of the Titans,2012,301970083.0,83670083.0,27.7,218300000.0,72.3
927,John Carter,2012,284139100.0,73078100.0,25.7,211061000.0,74.3
928,The Bourne Legacy,2012,276144750.0,113203870.0,41.0,162940880.0,59.0
929,Lincoln,2012,275293450.0,182207973.0,66.2,93085477.0,33.8
930,We're the Millers,2012,269994119.0,150394119.0,55.7,119600000.0,44.3
931,Dark Shadows,2012,245527149.0,79727149.0,32.5,165800000.0,67.5
932,Resident Evil: Retribution,2012,240159255.0,42345531.0,17.6,197813724.0,82.4
933,Silver Linings Playbook,2012,236412453.0,132092958.0,55.9,104319495.0,44.1
934,American Reunion,2012,234989584.0,57011521.0,24.3,177978063.0,75.7
935,Argo,2012,232325503.0,136025503.0,58.5,96300000.0,41.5
936,Jack Reacher,2012,218340595.0,80070736.0,36.7,138269859.0,63.3
937,Safe House,2012,208076205.0,126373434.0,60.7,81702771.0,39.3
938,21 Jump Street,2012,201585328.0,138447667.0,68.7,63137661.0,31.3
939,Total Recall,2012,198467168.0,58877969.0,29.7,139589199.0,70.3
940,The Impossible,2012,198087212.0,19019882.0,9.6,179067330.0,90.4
941,Lost in Thailand,2012,197757387.0,57387.0,0.1,197700000.0,100.0
942,The Vow,2012,196114570.0,125014030.0,63.7,71100540.0,36.3
943,Mirror Mirror,2012,183018522.0,64935167.0,35.5,118083355.0,64.5
944,The Dictator,2012,179379533.0,59650222.0,33.3,119729311.0,66.7
945,Looper,2012,176506819.0,66486205.0,37.7,110020614.0,62.3
946,Chinese Zodiac,2012,170525083.0,0.0,0.0,170525083.0,100.0
947,Magic Mike,2012,167739368.0,113721571.0,67.8,54017797.0,32.2
948,Flight,2012,161772375.0,93772375.0,58.0,68000000.0,42.0
949,Underworld: Awakening,2012,160112671.0,62321039.0,38.9,97791632.0,61.1
950,This Means War,2012,156491279.0,54760791.0,35.0,101730488.0,65.0
951,Paranormal Activity 4,2012,142802657.0,53885000.0,37.7,88917657.0,62.3
952,Step Up Revolution,2012,140470746.0,35074677.0,25.0,105396069.0,75.0
953,The Best Exotic Marigold Hotel,2012,136836156.0,46412041.0,33.9,90424115.0,66.1
954,The Wind Rises,2012,136454220.0,5209580.0,3.8,131244640.0,96.2
955,Last Vegas,2012,134402450.0,63914167.0,47.6,70488283.0,52.4
956,Zero Dark Thirty,2012,132820716.0,95720716.0,72.1,37100000.0,27.9
957,Ghost Rider: Spirit of Vengeance,2012,132563930.0,51774002.0,39.1,80789928.0,60.9
958,Cloud Atlas,2012,130482868.0,27108272.0,20.8,103374596.0,79.2
959,The Woman in Black,2012,128955898.0,54333290.0,42.1,74622608.0,57.9
960,Chronicle,2012,126636097.0,64575175.0,51.0,62060922.0,49.0
961,Walking with Dinosaurs 3D,2012,126546518.0,36076121.0,28.5,90470397.0,71.5
962,The Pirates! Band of Misfits,2012,123054041.0,31051126.0,25.2,92002915.0,74.8
963,Parental Guidance,2012,119772232.0,77267296.0,64.5,42504936.0,35.5
964,Abraham Lincoln: Vampire Hunter,2012,116471580.0,37519139.0,32.2,78952441.0,67.8
965,Pitch Perfect,2012,115350426.0,65001093.0,56.4,50349333.0,43.6
966,Hope Springs,2012,114281051.0,63536011.0,55.6,50745040.0,44.4
967,ParaNorman,2012,107139399.0,56003051.0,52.3,51136348.0,47.7
968,The Campaign,2012,104907746.0,86907746.0,82.8,18000000.0,17.2
969,Star Wars: Episode I - The Phantom Menace 2012 3D Release,2012,102739593.0,43456382.0,42.3,59283211.0,57.7
970,Project X,2012,102731865.0,54731865.0,53.3,48000000.0,46.7
971,The Devil Inside,2012,101758490.0,53261944.0,52.3,48496546.0,47.7
972,The Lucky One,2012,99357138.0,60457138.0,60.8,38900000.0,39.2
973,Contraband,2012,96262212.0,66528000.0,69.1,29734212.0,30.9
974,Think Like a Man,2012,96070507.0,91547205.0,95.3,4523302.0,4.7
975,Masquerade,2012,94268432.0,922921.0,1.0,93345511.0,99.0
976,Brave Hearts: Umizaru,2012,91884352.0,0.0,0.0,91884352.0,100.0
977,This Is 40,2012,88215156.0,67544505.0,76.6,20670651.0,23.4
978,The Thieves,2012,87126367.0,685839.0,0.8,86440528.0,99.2
979,The Possession,2012,85446075.0,49130154.0,57.5,36315921.0,42.5
980,What to Expect When You're Expecting,2012,84384002.0,41152203.0,48.8,43231799.0,51.2
981,Savages,2012,82966152.0,47382068.0,57.1,35584084.0,42.9
982,Sinister,2012,82515113.0,48086903.0,58.3,34428210.0,41.7
983,Act of Valor,2012,82497035.0,70012847.0,84.9,12484188.0,15.1
984,Frankenweenie,2012,81491068.0,35291068.0,43.3,46200000.0,56.7
985,The Grey,2012,79781695.0,51580236.0,64.7,28201459.0,35.3
986,Diary of a Wimpy Kid: Dog Days,2012,77229695.0,49008662.0,63.5,28221033.0,36.5
987,Thermae Romae,2012,74285251.0,0.0,0.0,74285251.0,100.0
988,One Piece Film Z,2012,74223861.0,0.0,0.0,74223861.0,100.0
989,To Rome with Love,2012,73244881.0,16685867.0,22.8,56559014.0,77.2
990,Here Comes the Boom,2012,73100172.0,45290318.0,62.0,27809854.0,38.0
991,Bayside Shakedown the Final,2012,72867395.0,0.0,0.0,72867395.0,100.0
992,The Cabin in the Woods,2012,69935600.0,42073277.0,60.2,27862323.0,39.8
993,Finding Nemo 2012 3D Release,2012,69328283.0,41128283.0,59.3,28200000.0,40.7
994,Anna Karenina,2012,68929150.0,12816367.0,18.6,56112783.0,81.4
995,The Watch,2012,68267862.0,35353000.0,51.8,32914862.0,48.2
996,Moonrise Kingdom,2012,68263166.0,45512466.0,66.7,22750700.0,33.3
997,The Secret of the Gods,2012,67537798.0,0.0,0.0,67537798.0,100.0
998,Madea's Witness Protection,2012,66899242.0,65653242.0,98.1,1246000.0,1.9
999,Beauty and the Beast 2012 3D Release,2012,62767829.0,47617067.0,75.9,15150762.0,24.1
