imdb_code,title,year,worldwide $,domestic $,domestic %,foreign $,foreign %
tt5433138,F9: The Fast Saga,2021,714398815.0,172931815.0,24.2,541467000.0,75.8
tt5034838,Godzilla vs. Kong,2021,467863133.0,100563133.0,21.5,367300000.0,78.5
tt3480822,Black Widow,2021,377665240.0,183177333.0,48.5,194487907.0,51.5
tt8332922,A Quiet Place Part II,2021,297372261.0,160072261.0,53.8,137300000.0,46.2
tt6264654,Free Guy,2021,277748887.0,102882486.0,37.0,174866401.0,63.0
tt9376612,Shang-Chi and the Legend of the Ten Rings,2021,264556500.0,152612024.0,57.7,111944476.0,42.3
tt3228774,Cruella,2021,233274187.0,86102609.0,36.9,147171578.0,63.1
tt0870154,Jungle Cruise,2021,202265854.0,110294536.0,54.5,91971318.0,45.5
tt7069210,The Conjuring: The Devil Made Me Do It,2021,201965074.0,65565074.0,32.5,136400000.0,67.5
tt6334354,The Suicide Squad,2021,165270343.0,55270343.0,33.4,110000000.0,66.6
tt3554046,Space Jam: A New Legacy,2021,156243307.0,70243307.0,45.0,86000000.0,55.0
tt8376234,Peter Rabbit 2: The Runaway,2021,153736536.0,40336536.0,26.2,113400000.0,73.8
tt14833766,Tom and Jerry,2021,132841123.0,46041123.0,34.7,86800000.0,65.3
tt5109280,Raya and the Last Dragon,2021,130281158.0,54723032.0,42.0,75558126.0,58.0
tt6932874,The Boss Baby: Family Business,2021,108138805.0,57115805.0,52.8,51023000.0,47.2
tt11083552,Wrath of Man,2021,103966489.0,27466489.0,26.4,76500000.0,73.6
tt11832046,PAW Patrol: The Movie,2021,93426907.0,35186249.0,37.7,58240658.0,62.3
tt10954652,Old,2021,88641080.0,47792080.0,53.9,40849000.0,46.1
tt0293429,Mortal Kombat,2021,83601013.0,42201013.0,50.5,41400000.0,49.5
tt10327252,The Forever Purge,2021,76958715.0,44503715.0,57.8,32455000.0,42.2
tt8385148,Hitman's Wife's Bodyguard,2021,70331463.0,38014727.0,54.1,32316736.0,45.9
tt9347730,Candyman,2021,62767115.0,49243115.0,78.5,13524000.0,21.5
tt7888964,Nobody,2021,55405035.0,27268035.0,49.2,28137000.0,50.8
tt6246322,Don't Breathe 2,2021,45172368.0,30572368.0,67.7,14600000.0,32.3
tt9844522,Escape Room: Tournament of Champions,2021,44888958.0,25188958.0,56.1,19700000.0,43.9
tt1321510,In the Heights,2021,43879041.0,29879041.0,68.1,14000000.0,31.9
tt11084896,Spirit Untamed,2021,42636215.0,17635215.0,41.4,25001000.0,58.6
tt9278312,Spiral,2021,38824198.0,23216862.0,59.8,15607336.0,40.2
tt14458184,Snake Eyes,2021,36964325.0,28264325.0,76.5,8700000.0,23.5
tt9770150,Nomadland,2021,34811091.0,2143000.0,6.2,32668091.0,93.8
tt9419056,The Unholy,2021,30830440.0,15530440.0,50.4,15300000.0,49.6
tt10016180,The Little Things,2021,29844012.0,15244012.0,51.1,14600000.0,48.9
tt2452150,Respect,2021,27010180.0,23401180.0,86.6,3609000.0,13.4
tt2076822,Chaos Walking,2021,26456630.0,13287908.0,50.2,13168722.0,49.8
tt14876882,The Courier,2021,23552968.0,6613432.0,28.1,16939536.0,71.9
tt3215824,Those Who Wish Me Dead,2021,23408489.0,7347103.0,31.4,16061386.0,68.6
tt6902332,The Marksman,2021,22988549.0,15566093.0,67.7,7422456.0,32.3
tt3272066,Reminiscence,2021,18695360.0,3878349.0,20.7,14817011.0,79.3
tt9243804,The Green Knight,2021,18274261.0,17173321.0,94.0,1100940.0,6.0
tt10696896,Stillwater,2021,16539740.0,14459600.0,87.4,2080140.0,12.6
tt14826818,Minari,2021,15383002.0,3110580.0,20.2,12272422.0,79.8
tt3811906,Malignant,2021,14734620.0,5434620.0,36.9,9300000.0,63.1
tt9731534,The Night House,2021,10842085.0,6809452.0,62.8,4032633.0,37.2
No_code,Demon Slayer: Mugen Train,2020,452974619.0,47700000.0,10.5,405274619.0,89.5
tt1502397,Bad Boys for Life,2020,426505244.0,206305244.0,48.4,220200000.0,51.6
tt6723592,Tenet,2020,363656624.0,58456624.0,16.1,305200000.0,83.9
tt3794354,Sonic the Hedgehog,2020,319715683.0,148974665.0,46.6,170741018.0,53.4
tt6673612,Dolittle,2020,245461797.0,77047065.0,31.4,168414732.0,68.6
tt2850386,The Croods: A New Age,2020,215905815.0,58568815.0,27.1,157337000.0,72.9
tt7713068,Birds of Prey,2020,201858461.0,84158461.0,41.7,117700000.0,58.3
tt7126948,Wonder Woman 1984,2020,166534027.0,46534027.0,27.9,120000000.0,72.1
tt1051906,The Invisible Man,2020,143151000.0,70410000.0,49.2,72741000.0,50.8
tt7146812,Onward,2020,141934191.0,61555145.0,43.4,80379046.0,56.6
tt7504726,The Call of the Wild,2020,111105497.0,62342368.0,56.1,48763129.0,43.9
tt4682266,The New Mutants,2020,49169594.0,23852659.0,48.5,25316935.0,51.5
tt0983946,Fantasy Island,2020,48811343.0,27309289.0,55.9,21502054.0,44.1
tt10362466,After We Collided,2020,47990414.0,2386483.0,5.0,45603931.0,95.0
tt10059518,Unhinged,2020,44331465.0,20831465.0,47.0,23500000.0,53.0
tt6475714,Monster Hunter,2020,42145959.0,15162470.0,36.0,26983489.0,64.0
tt5774060,Underwater,2020,40882928.0,17291078.0,42.3,23591850.0,57.7
tt4532038,The War with Grandpa,2020,40743350.0,21277892.0,52.2,19465458.0,47.8
tt1634106,Bloodshot,2020,33542457.0,12561824.0,37.5,20980633.0,62.5
tt1838556,Honest Thief,2020,31354158.0,14163574.0,45.2,17190584.0,54.8
tt7545266,Like a Boss,2020,30399490.0,22169514.0,72.9,8229976.0,27.1
tt9214832,Emma.,2020,26400964.0,10055355.0,38.1,16345609.0,61.9
tt10272386,The Father,2020,22577412.0,2122771.0,9.4,20454641.0,90.6
tt9086228,Gretel & Hansel,2020,22051055.0,15347654.0,69.6,6703401.0,30.4
tt7798646,The Photograph,2020,20690779.0,20578185.0,99.5,112594.0,0.5
tt9173418,Brahms: The Boy II,2020,20311536.0,12611536.0,62.1,7700000.0,37.9
tt7510346,The Turning,2020,19428853.0,15472775.0,79.6,3956078.0,20.4
tt9620292,Promising Young Woman,2020,17121281.0,6460965.0,37.7,10660316.0,62.3
tt9779516,I Still Believe,2020,16060123.0,9868521.0,61.4,6191602.0,38.6
tt10919380,Freaky,2020,15920855.0,9030855.0,56.7,6890000.0,43.3
tt8544498,The Way Back,2020,14690514.0,13590514.0,92.5,1100000.0,7.5
tt6439020,The Personal History of David Copperfield,2020,14399270.0,1876298.0,13.0,12522972.0,87.0
tt8004664,Come Play,2020,13175457.0,10475990.0,79.5,2699467.0,20.5
tt6878306,News of the World,2020,12668325.0,12668325.0,100.0,0.0,0.0
tt9340860,Let Him Go,2020,11630934.0,9358025.0,80.5,2272909.0,19.5
tt8244784,The Hunt,2020,11473631.0,5812500.0,50.7,5661131.0,49.3
tt4154796,Avengers: Endgame,2019,2797501328.0,858373000.0,30.7,1939128328.0,69.3
tt6105098,The Lion King,2019,1656943394.0,543638043.0,32.8,1113305351.0,67.2
tt4520988,Frozen II,2019,1450026933.0,477373578.0,32.9,972653355.0,67.1
tt6320628,Spider-Man: Far from Home,2019,1131927996.0,390532085.0,34.5,741395911.0,65.5
tt4154664,Captain Marvel,2019,1128274794.0,426829839.0,37.8,701444955.0,62.2
tt7286456,Joker,2019,1074251311.0,335451311.0,31.2,738800000.0,68.8
tt2527338,Star Wars: Episode IX - The Rise of Skywalker,2019,1074144248.0,515202542.0,48.0,558941706.0,52.0
tt1979376,Toy Story 4,2019,1073394593.0,434038008.0,40.4,639356585.0,59.6
tt6139732,Aladdin,2019,1050693953.0,355559216.0,33.8,695134737.0,66.2
tt7975244,Jumanji: The Next Level,2019,800059707.0,320314960.0,40.0,479744747.0,60.0
tt11638654,Fast & Furious Presents: Hobbs & Shaw,2019,759056935.0,173956935.0,22.9,585100000.0,77.1
tt2386490,How to Train Your Dragon: The Hidden World,2019,521799505.0,160799505.0,30.8,361000000.0,69.2
tt4777008,Maleficent: Mistress of Evil,2019,491730089.0,113929605.0,23.2,377800484.0,76.8
tt7349950,It Chapter Two,2019,473093228.0,211593228.0,44.7,261500000.0,55.3
tt5884052,Pokémon Detective Pikachu,2019,433005346.0,144105346.0,33.3,288900000.0,66.7
tt5113040,The Secret Life of Pets 2,2019,430051293.0,158874395.0,36.9,271176898.0,63.1
tt0437086,Alita: Battle Angel,2019,404980543.0,85838210.0,21.2,319142333.0,78.8
tt3741700,Godzilla: King of the Monsters,2019,386600138.0,110500138.0,28.6,276100000.0,71.4
tt8579674,1917,2019,384983987.0,159227644.0,41.4,225756343.0,58.6
tt7131622,Once Upon a Time... In Hollywood,2019,374375059.0,142502728.0,38.1,231872331.0,61.9
tt0448115,Shazam!,2019,365971656.0,140371656.0,38.4,225600000.0,61.6
tt3861390,Dumbo,2019,353284621.0,114766307.0,32.5,238518314.0,67.5
tt6146586,John Wick: Chapter 3 - Parabellum,2019,326709727.0,171015687.0,52.3,155694040.0,47.7
tt8946378,Knives Out,2019,311605581.0,165363234.0,53.1,146242347.0,46.9
tt6450804,Terminator: Dark Fate,2019,261119292.0,62253077.0,23.8,198866215.0,76.2
tt9476136,Parasite,2019,258633992.0,53369749.0,20.6,205264243.0,79.4
tt6857112,Us,2019,255184580.0,175084580.0,68.6,80100000.0,31.4
tt2283336,Men in Black: International,2019,253890701.0,80001807.0,31.5,173888894.0,68.5
tt10440726,X-Men: Dark Phoenix,2019,252442974.0,65845974.0,26.1,186597000.0,73.9
tt6823368,Glass,2019,246999039.0,111048468.0,45.0,135950571.0,55.0
tt8350360,Annabelle Comes Home,2019,231252591.0,74152591.0,32.1,157100000.0,67.9
tt1950186,Ford v Ferrari,2019,225508210.0,117624357.0,52.2,107883853.0,47.8
tt3281548,Little Women,2019,216601214.0,108101214.0,49.9,108500000.0,50.1
tt1620981,The Addams Family,2019,203044905.0,100044905.0,49.3,103000000.0,50.7
tt2066051,Rocketman,2019,195179299.0,96368160.0,49.4,98811139.0,50.6
tt6398184,Downton Abbey,2019,193820755.0,96854135.0,50.0,96966620.0,50.0
tt3513498,The Lego Movie 2: The Second Part,2019,192306508.0,105806508.0,55.0,86500000.0,45.0
tt6324278,Abominable,2019,179053956.0,60716390.0,33.9,118337566.0,66.1
tt1025100,Gemini Man,2019,173469516.0,48546770.0,28.0,124922746.0,72.0
tt5814534,Spies in Disguise,2019,171616764.0,66757013.0,38.9,104859751.0,61.1
tt5503686,Hustlers,2019,157563598.0,104963598.0,66.6,52600000.0,33.4
tt5886046,Escape Room,2019,155712077.0,57005601.0,36.6,98706476.0,63.4
tt8079248,Yesterday,2019,154608507.0,73286650.0,47.4,81321857.0,52.6
tt6095472,The Angry Birds Movie 2,2019,147792047.0,41667116.0,28.2,106124931.0,71.8
tt6189022,Angel Has Fallen,2019,146661977.0,69030436.0,47.1,77631541.0,52.9
tt2935510,Ad Astra,2019,127461872.0,50188370.0,39.4,77273502.0,60.6
tt6924650,Midway,2019,127420861.0,56846802.0,44.6,70574059.0,55.4
tt6918732,The Upside,2019,125852517.0,108252517.0,86.0,17600000.0,14.0
tt4913966,The Curse of La Llorona,2019,123133739.0,54733739.0,44.5,68400000.0,55.5
tt1560220,Zombieland: Double Tap,2019,122810399.0,73123082.0,59.5,49687317.0,40.5
tt8623904,Last Christmas,2019,121550750.0,35150750.0,28.9,86400000.0,71.1
tt7547410,Dora and the Lost City of Gold,2019,119682635.0,60477943.0,50.5,59204692.0,49.5
tt6428676,Wonder Park,2019,119559110.0,45216793.0,37.8,74342317.0,62.2
tt8367814,The Gentlemen,2019,115171795.0,36471795.0,31.7,78700000.0,68.3
tt0837563,Pet Sematary,2019,113118226.0,54724696.0,48.4,58393530.0,51.6
tt6977338,Good Boys,2019,111037232.0,83140306.0,74.9,27896926.0,25.1
tt3387520,Scary Stories to Tell in the Dark,2019,104545505.0,68947075.0,65.9,35598430.0,34.1
tt1298644,The Hustle,2019,95017038.0,35417038.0,37.3,59600000.0,62.7
tt8364368,Crawl,2019,91542097.0,39014193.0,42.6,52527904.0,57.4
tt6472976,Five Feet Apart,2019,91522094.0,45729221.0,50.0,45792873.0,50.0
tt1206885,Rambo: Last Blood,2019,91490353.0,44819352.0,49.0,46671001.0,51.0
tt2584384,Jojo Rabbit,2019,90335025.0,33370906.0,36.9,56964119.0,63.1
tt7616798,A Dog's Way Home,2019,80708134.0,42004346.0,52.0,38703788.0,48.0
tt5719748,Cold Pursuit,2019,76419755.0,32138862.0,42.1,44280893.0,57.9
tt8385474,A Dog's Journey,2019,75741734.0,22782371.0,30.1,52959363.0,69.9
tt7054636,A Madea Family Funeral,2019,74747725.0,73257045.0,98.0,1490680.0,2.0
tt5697572,Cats,2019,73833415.0,27166770.0,36.8,46666645.0,63.2
tt5033998,Charlie's Angels,2019,73279888.0,17803077.0,24.3,55476811.0,75.7
tt5606664,Doctor Sleep,2019,72381712.0,31581712.0,43.6,40800000.0,56.4
tt7634968,What Men Want,2019,72216294.0,54611903.0,75.6,17604391.0,24.4
tt4126476,After,2019,69518232.0,12138565.0,17.5,57379667.0,82.5
tt9134216,Playing with Fire,2019,69412425.0,44451847.0,64.0,24960578.0,36.0
tt3224458,A Beautiful Day in the Neighborhood,2019,67760877.0,61704055.0,91.1,6056822.0,8.9
tt7430722,War,2019,67179155.0,4654000.0,6.9,62525155.0,93.1
tt8155288,Happy Death Day 2U,2019,64600152.0,28148130.0,43.6,36452022.0,56.4
tt4154756,Avengers: Infinity War,2018,2048359754.0,678815482.0,33.1,1369544272.0,66.9
tt1825683,Black Panther,2018,1346913161.0,700059566.0,52.0,646853595.0,48.0
tt4881806,Jurassic World: Fallen Kingdom,2018,1308467944.0,417719760.0,31.9,890748184.0,68.1
tt3606756,Incredibles 2,2018,1242805359.0,608581744.0,49.0,634223615.0,51.0
tt1477834,Aquaman,2018,1148461807.0,335061807.0,29.2,813400000.0,70.8
tt1727824,Bohemian Rhapsody,2018,903655259.0,216428042.0,24.0,687227217.0,76.0
tt1270797,Venom,2018,856085151.0,213515506.0,24.9,642569645.0,75.1
tt4912910,Mission: Impossible - Fallout,2018,791115104.0,220159104.0,27.8,570956000.0,72.2
tt5463162,Deadpool 2,2018,734546611.0,318491426.0,43.4,416055185.0,56.6
tt4123430,Fantastic Beasts: The Crimes of Grindelwald,2018,654855901.0,159555901.0,24.4,495300000.0,75.6
tt5095030,Ant-Man and the Wasp,2018,622674139.0,216648740.0,34.8,406025399.0,65.2
tt1677720,Ready Player One,2018,582890172.0,137690172.0,23.6,445200000.0,76.4
tt4779682,The Meg,2018,530243742.0,145443742.0,27.4,384800000.0,72.6
tt5848272,Ralph Breaks the Internet,2018,529323962.0,201091711.0,38.0,328232251.0,62.0
tt5220122,Hotel Transylvania 3: Summer Vacation,2018,528583774.0,167510016.0,31.7,361073758.0,68.3
tt2709692,The Grinch,2018,511595957.0,270620950.0,52.9,240975007.0,47.1
tt4701182,Bumblebee,2018,467989645.0,127195589.0,27.2,340794056.0,72.8
tt1517451,A Star Is Born,2018,436188866.0,215288866.0,49.4,220900000.0,50.6
tt2231461,Rampage,2018,428028233.0,101028233.0,23.6,327000000.0,76.4
tt6911608,Mamma Mia! Here We Go Again,2018,395044706.0,120634935.0,30.5,274409771.0,69.5
tt3778644,Solo: A Star Wars Story,2018,392924807.0,213767512.0,54.4,179157295.0,45.6
tt4633694,Spider-Man: Into the Spider-Verse,2018,375540831.0,190241310.0,50.7,185299521.0,49.3
tt4477536,Fifty Shades Freed,2018,371985018.0,100407760.0,27.0,271577258.0,73.0
tt5814060,The Nun,2018,365550119.0,117450119.0,32.1,248100000.0,67.9
tt5117670,Peter Rabbit,2018,351266433.0,115253424.0,32.8,236013009.0,67.2
tt5028340,Mary Poppins Returns,2018,349537494.0,171958438.0,49.2,177579056.0,50.8
tt6644200,A Quiet Place,2018,340939361.0,188024361.0,55.1,152915000.0,44.9
tt6966692,Green Book,2018,321752656.0,85080171.0,26.4,236672485.0,73.6
tt5758778,Skyscraper,2018,304868961.0,68420120.0,22.4,236448841.0,77.6
tt5164214,Ocean's Eight,2018,297718711.0,140218711.0,47.1,157500000.0,52.9
tt2557478,Pacific Rim: Uprising,2018,290930148.0,59874525.0,20.6,231055623.0,79.4
tt4500922,Maze Runner: The Death Cure,2018,288175335.0,58032443.0,20.1,230142892.0,79.9
tt1365519,Tomb Raider,2018,274650803.0,58250803.0,21.2,216400000.0,78.8
tt1502407,Halloween,2018,255485178.0,159342015.0,62.4,96143163.0,37.6
tt3104988,Crazy Rich Asians,2018,238532921.0,174532921.0,73.2,64000000.0,26.8
tt6343314,Creed II,2018,214215889.0,115715889.0,54.0,98500000.0,46.0
tt6182908,Smallfoot,2018,214040103.0,83240103.0,38.9,130800000.0,61.1
tt4575576,Christopher Robin,2018,197744377.0,99215042.0,50.2,98529335.0,49.8
tt3766354,The Equalizer 2,2018,190400157.0,102084362.0,53.6,88315795.0,46.4
tt7959026,The Mule,2018,174804407.0,103804407.0,59.4,71000000.0,40.6
tt5523010,The Nutcracker and the Four Realms,2018,173961069.0,54858851.0,31.5,119102218.0,68.5
tt5726086,Insidious: The Last Key,2018,167885588.0,67745330.0,40.4,100140258.0,59.6
tt3829266,The Predator,2018,160542134.0,51024708.0,31.8,109517426.0,68.2
tt2873282,Red Sparrow,2018,151572634.0,46874505.0,30.9,104698129.0,69.1
tt6133466,The First Purge,2018,137056262.0,69488745.0,50.7,67567517.0,49.3
tt1620680,A Wrinkle in Time,2018,132675864.0,100478608.0,75.7,32197256.0,24.3
tt2119543,The House with a Clock in Its Walls,2018,131457147.0,68549695.0,52.1,62907452.0,47.9
tt7401588,Instant Family,2018,120556201.0,67363237.0,55.9,53192964.0,44.1
tt2704998,Game Night,2018,117679066.0,69179066.0,58.8,48500000.0,41.2
No_code,Dragon Ball Super: Broly,2018,115757940.0,30712119.0,26.5,85045821.0,73.5
tt1213641,First Man,2018,105697415.0,44936545.0,42.5,60760870.0,57.5
tt6857166,Book Club,2018,104438188.0,68566296.0,65.7,35871892.0,34.3
tt6781982,Night School,2018,103105878.0,77339130.0,75.0,25766748.0,25.0
tt4244998,Alpha,2018,98203196.0,35857181.0,36.5,62346015.0,63.5
tt7040874,A Simple Favor,2018,97644617.0,53548586.0,54.8,44096031.0,45.2
tt5083738,The Favourite,2018,95918706.0,34366783.0,35.8,61551923.0,64.2
tt6772950,Truth or Dare,2018,95330493.0,41411015.0,43.4,53919478.0,56.6
tt6791096,I Feel Pretty,2018,94539426.0,48795601.0,51.6,45743825.0,48.4
tt2531344,Blockers,2018,94017294.0,60311495.0,64.1,33705799.0,35.9
tt7349662,BlacKkKlansman,2018,93400823.0,49275340.0,52.8,44125483.0,47.2
tt5664636,Goosebumps 2: Haunted Halloween,2018,93320380.0,46700633.0,50.0,46619747.0,50.0
tt1563742,Overboard,2018,91244913.0,50316123.0,55.1,40928790.0,44.9
tt2296777,Sherlock Gnomes,2018,90497778.0,43242871.0,47.8,47254907.0,52.2
tt4532826,Robin Hood,2018,86489031.0,30824628.0,35.6,55664403.0,64.4
tt6450186,I Can Only Imagine,2018,86086881.0,83482352.0,97.0,2604529.0,3.0
tt1571234,Mortal Engines,2018,83672673.0,15951040.0,19.1,67721633.0,80.9
tt1259528,Den of Thieves,2018,80509622.0,44947622.0,55.8,35562000.0,44.2
tt7784604,Hereditary,2018,80200936.0,44069456.0,54.9,36131480.0,45.1
tt2854926,Tag,2018,78130625.0,54730625.0,70.1,23400000.0,29.9
tt6452574,Sanju,2018,76693052.0,7909317.0,10.3,68783735.0,89.7
tt6266538,Vice,2018,76073488.0,47836282.0,62.9,28237206.0,37.1
tt4218572,Widows,2018,75984700.0,42402632.0,55.8,33582068.0,44.2
tt5052474,Sicario: Day of the Soldado,2018,75837743.0,50072235.0,66.0,25765508.0,34.0
tt7668870,Searching,2018,75462037.0,26020957.0,34.5,49441080.0,65.5
tt6663582,The Spy Who Dumped Me,2018,75320680.0,33562069.0,44.6,41758611.0,55.4
tt2527336,Star Wars: Episode VIII - The Last Jedi,2017,1332539889.0,620181382.0,46.5,712358507.0,53.5
tt2771200,Beauty and the Beast,2017,1263521126.0,504014165.0,39.9,759506961.0,60.1
tt4630562,The Fate of the Furious,2017,1236005118.0,226008385.0,18.3,1009996733.0,81.7
tt3469046,Despicable Me 3,2017,1034799409.0,264624300.0,25.6,770175109.0,74.4
tt2283362,Jumanji: Welcome to the Jungle,2017,962077546.0,404515480.0,42.0,557562066.0,58.0
tt2250912,Spider-Man: Homecoming,2017,880166924.0,334201140.0,38.0,545965784.0,62.0
tt3896198,Guardians of the Galaxy Vol. 2,2017,863756051.0,389813101.0,45.1,473942950.0,54.9
tt3501632,Thor: Ragnarok,2017,853977126.0,315058289.0,36.9,538918837.0,63.1
tt0451279,Wonder Woman,2017,821847012.0,412563408.0,50.2,409283604.0,49.8
tt2380307,Coco,2017,807816196.0,210460015.0,26.1,597356181.0,73.9
tt1790809,Pirates of the Caribbean: Dead Men Tell No Tales,2017,794861794.0,172558876.0,21.7,622302918.0,78.3
tt1396484,It,2017,700381748.0,327481748.0,46.8,372900000.0,53.2
tt0974015,Justice League,2017,657924295.0,229024295.0,34.8,428900000.0,65.2
tt3315342,Logan,2017,619021436.0,226277068.0,36.6,392744368.0,63.4
tt3371366,Transformers: The Last Knight,2017,605425157.0,130168683.0,21.5,475256474.0,78.5
tt3731562,Kong: Skull Island,2017,566652812.0,168052812.0,29.7,398600000.0,70.3
tt3874544,The Boss Baby,2017,527965936.0,175003033.0,33.1,352962903.0,66.9
tt5013056,Dunkirk,2017,525245546.0,188045546.0,35.8,337200000.0,64.2
tt3450958,War for the Planet of the Apes,2017,490719763.0,146880162.0,29.9,343839601.0,70.1
tt1485796,The Greatest Showman,2017,434993183.0,174340174.0,40.1,260653009.0,59.9
tt4649466,Kingsman: The Golden Circle,2017,410902662.0,100234838.0,24.4,310667824.0,75.6
tt2345759,The Mummy,2017,409231607.0,80227895.0,19.6,329003712.0,80.4
tt3606752,Cars 3,2017,383930656.0,152901115.0,39.8,231029541.0,60.2
tt4465564,Fifty Shades Darker,2017,381545846.0,114581250.0,30.0,266964596.0,70.0
tt3402236,Murder on the Orient Express,2017,352789811.0,102826543.0,29.1,249963268.0,70.9
tt1293847,xXx: Return of Xander Cage,2017,346118277.0,44898413.0,13.0,301219864.0,87.0
tt4116284,The Lego Batman Movie,2017,311950384.0,175750384.0,56.3,136200000.0,43.7
tt5140878,Annabelle: Creation,2017,306515884.0,102092201.0,33.3,204423683.0,66.7
tt2543472,Wonder,2017,305937718.0,132422809.0,43.3,173514909.0,56.7
tt3411444,Ferdinand,2017,296069199.0,84410380.0,28.5,211658819.0,71.5
tt10716744,Split,2017,278454358.0,138291365.0,49.7,140162993.0,50.3
tt1856101,Blade Runner 2049,2017,259239658.0,92054159.0,35.5,167185499.0,64.5
tt5052448,Get Out,2017,255407969.0,176040665.0,68.9,79367304.0,31.1
No_code,Baahubali 2: The Conclusion,2017,254158390.0,20186659.0,7.9,233971731.0,92.1
tt2316204,Alien: Covenant,2017,240891763.0,74262031.0,30.8,166629732.0,69.2
tt4468740,Paddington 2,2017,227978523.0,40891591.0,17.9,187086932.0,82.1
tt3890160,Baby Driver,2017,226945087.0,107825862.0,47.5,119119225.0,52.5
tt2239822,Valerian and the City of a Thousand Planets,2017,225874228.0,41189488.0,18.2,184684740.0,81.8
tt1981128,Geostorm,2017,221600160.0,33700160.0,15.2,187900000.0,84.8
tt4877122,The Emoji Movie,2017,217776646.0,86089513.0,39.5,131687133.0,60.5
tt1753383,A Dog's Purpose,2017,205035819.0,64508620.0,31.5,140527199.0,68.5
tt2398241,Smurfs: The Lost Village,2017,197183546.0,45020282.0,22.8,152163264.0,77.2
tt5580390,The Shape of Water,2017,195333312.0,63859435.0,32.7,131473877.0,67.3
tt4765284,Pitch Perfect 3,2017,185400345.0,104897530.0,56.6,80502815.0,43.4
tt5657846,Daddy's Home 2,2017,180613180.0,104029443.0,57.6,76583737.0,42.4
tt6294822,The Post,2017,179769457.0,81903458.0,45.6,97865999.0,54.4
tt1469304,Baywatch,2017,177856751.0,58060186.0,32.6,119796565.0,67.4
tt1959563,The Hitman's Bodyguard,2017,176586701.0,75468583.0,42.7,101118118.0,57.3
tt4425200,John Wick: Chapter 2,2017,171539887.0,92029184.0,53.6,79510703.0,46.4
tt1219827,Ghost in the Shell,2017,169801921.0,40563557.0,23.9,129238364.0,76.1
tt5027774,"Three Billboards Outside Ebbing, Missouri",2017,160192031.0,54513740.0,34.0,105678291.0,66.0
tt4555426,Darkest Hour,2017,150847207.0,56468410.0,37.4,94378797.0,62.6
tt1972591,King Arthur: Legend of the Sword,2017,148675066.0,39175066.0,26.3,109500000.0,73.7
tt1615160,The Foreigner,2017,145374099.0,34393507.0,23.7,110980592.0,76.3
tt3717490,Power Rangers,2017,142337240.0,85364450.0,60.0,56972790.0,40.0
tt3564472,Girls Trip,2017,140552359.0,115171585.0,81.9,25380774.0,18.1
tt3532216,American Made,2017,134866593.0,51342000.0,38.1,83524593.0,61.9
tt6359956,A Bad Moms Christmas,2017,130560428.0,72110659.0,55.2,58449769.0,44.8
tt5308322,Happy Death Day,2017,125479266.0,55683845.0,44.4,69795421.0,55.6
tt2091256,Captain Underpants: The First Epic Movie,2017,125427681.0,73921000.0,58.9,51506681.0,41.1
tt3014284,The Lego Ninjago Movie,2017,123081555.0,59281555.0,48.2,63800000.0,51.8
No_code,The Commuter,2017,119942387.0,36343858.0,30.3,83598529.0,69.7
tt1648190,The Dark Tower,2017,113231078.0,50701325.0,44.8,62529753.0,55.2
tt3348730,Jigsaw,2017,102952888.0,38052832.0,37.0,64900056.0,63.0
tt5442430,Life,2017,100541806.0,30234022.0,30.1,70307784.0,69.9
tt2406566,Atomic Blonde,2017,100014025.0,51687870.0,51.7,48326155.0,48.3
tt2872518,The Shack,2017,96942115.0,57386418.0,59.2,39555697.0,40.8
tt5956100,Tiger Zinda Hai,2017,87320000.0,5560921.0,6.4,81759079.0,93.6
tt2568862,Going in Style,2017,84918541.0,45018541.0,53.0,39900000.0,47.0
tt0498381,Rings,2017,83080890.0,27793018.0,33.5,55287872.0,66.5
tt4925292,Lady Bird,2017,78965611.0,48958273.0,62.0,30007338.0,38.0
tt3486626,The Nut Job 2: Nutty by Nature,2017,68743485.0,28370522.0,41.3,40372963.0,58.7
tt1961175,American Assassin,2017,67234188.0,36249674.0,53.9,30984514.0,46.1
tt5816682,Victoria & Abdul,2017,66558465.0,22245070.0,33.4,44313395.0,66.6
tt2226597,The Mountain Between Us,2017,62832209.0,30348555.0,48.3,32483654.0,51.7
tt4587656,The Star,2017,62812974.0,40852824.0,65.0,21960150.0,35.0
tt4795124,How to Be a Latin Lover,2017,62547032.0,32149404.0,51.4,30397628.0,48.6
tt2932536,47 Meters Down,2017,62187529.0,44307191.0,71.2,17880338.0,28.8
tt5001718,"Everything, Everything",2017,61621140.0,34121140.0,55.4,27500000.0,44.6
tt3498820,Captain America: Civil War,2016,1153296293.0,408084349.0,35.4,745211944.0,64.6
tt6323140,Rogue One: A Star Wars Story,2016,1056057273.0,532177324.0,50.4,523879949.0,49.6
tt2277860,Finding Dory,2016,1028570889.0,486295561.0,47.3,542275328.0,52.7
tt2948356,Zootopia,2016,1023784195.0,341268248.0,33.3,682515947.0,66.7
tt3040964,The Jungle Book,2016,966550600.0,364001123.0,37.7,602549477.0,62.3
tt2709768,The Secret Life of Pets,2016,875457937.0,368384330.0,42.1,507073607.0,57.9
tt2975590,Batman v Superman: Dawn of Justice,2016,873634919.0,330360194.0,37.8,543274725.0,62.2
tt3183660,Fantastic Beasts and Where to Find Them,2016,814037575.0,234037575.0,28.8,580000000.0,71.2
tt1431045,Deadpool,2016,782612155.0,363070709.0,46.4,419541446.0,53.6
tt1386697,Suicide Squad,2016,746846894.0,325100054.0,43.5,421746840.0,56.5
tt1211837,Doctor Strange,2016,677718395.0,232641920.0,34.3,445076475.0,65.7
tt3521164,Moana,2016,643331111.0,248757044.0,38.7,394574067.0,61.3
tt3470600,Sing,2016,634151679.0,270395425.0,42.6,363756254.0,57.4
tt3385516,X-Men: Apocalypse,2016,543934105.0,155442489.0,28.6,388491616.0,71.4
tt2267968,Kung Fu Panda 3,2016,521170825.0,143528619.0,27.5,377642206.0,72.5
tt3783958,La La Land,2016,447407695.0,151101803.0,33.8,296305892.0,66.2
tt0803096,Warcraft,2016,439048914.0,47365290.0,10.8,391683624.0,89.2
tt4196776,Jason Bourne,2016,415484914.0,162434410.0,39.1,253050504.0,60.9
tt3416828,Ice Age: Collision Course,2016,408579038.0,64063008.0,15.7,344516030.0,84.3
tt1628841,Independence Day: Resurgence,2016,389681935.0,103144286.0,26.5,286537649.0,73.5
tt0918940,The Legend of Tarzan,2016,356700357.0,126643061.0,35.5,230057296.0,64.5
No_code,The Angry Birds Movie,2016,352333929.0,107509366.0,30.5,244824563.0,69.5
tt1679335,Trolls,2016,346864462.0,153707064.0,44.3,193157398.0,55.7
tt2660888,Star Trek Beyond,2016,343471816.0,158848340.0,46.2,184623476.0,53.8
tt2034800,The Great Wall,2016,334933831.0,45540830.0,13.6,289393001.0,86.4
tt3110958,Now You See Me 2,2016,334897606.0,65075540.0,19.4,269822066.0,80.6
tt3065204,The Conjuring 2,2016,320392818.0,102470008.0,32.0,217922810.0,68.0
tt2592614,Resident Evil: The Final Chapter,2016,312242626.0,26830068.0,8.6,285412558.0,91.4
tt1355644,Passengers,2016,303144152.0,100014699.0,33.0,203129453.0,67.0
tt2567026,Alice Through the Looking Glass,2016,299457024.0,77041381.0,25.7,222415643.0,74.3
tt1935859,Miss Peregrine's Home for Peculiar Children,2016,296482446.0,87242834.0,29.4,209239612.0,70.6
No_code,Teenage Mutant Ninja Turtles 2: Out of the Shadows,2016,245623848.0,82051601.0,33.4,163572247.0,66.6
tt3263904,Sully,2016,240797623.0,125070033.0,51.9,115727590.0,48.1
tt2094766,Assassin's Creed,2016,240697856.0,54647948.0,22.7,186049908.0,77.3
tt4846340,Hidden Figures,2016,235956898.0,169607287.0,71.9,66349611.0,28.1
tt1289401,Ghostbusters,2016,229147509.0,128350574.0,56.0,100796935.0,44.0
tt3062096,Inferno,2016,220021259.0,34343574.0,15.6,185677685.0,84.4
tt1489889,Central Intelligence,2016,216972543.0,127440871.0,58.7,89531672.0,41.3
tt1473832,Bridget Jones's Baby,2016,211952420.0,24252420.0,11.4,187700000.0,88.6
tt2674426,Me Before You,2016,208314186.0,56245075.0,27.0,152069111.0,73.0
tt3300542,London Has Fallen,2016,205754447.0,62524260.0,30.4,143230187.0,69.6
tt2543164,Arrival,2016,203388186.0,100546139.0,49.4,102842047.0,50.6
tt3691740,The BFG,2016,195243411.0,55483770.0,28.4,139759641.0,71.6
tt4651520,Bad Moms,2016,183936074.0,113257297.0,61.6,70678777.0,38.4
tt4624424,Storks,2016,183388953.0,72679278.0,39.6,110709675.0,60.4
tt2119532,Hacksaw Ridge,2016,180563636.0,67209615.0,37.2,113354021.0,62.8
tt3410834,Allegiant,2016,179246868.0,66184051.0,36.9,113062817.0,63.1
tt3631112,The Girl on the Train,2016,173185859.0,75395035.0,43.5,97790824.0,56.5
tt2381991,The Huntsman: Winter's War,2016,164989338.0,48390190.0,29.3,116599148.0,70.7
tt2404435,The Magnificent Seven,2016,162360636.0,93432655.0,57.5,68927981.0,42.5
tt3393786,Jack Reacher: Never Go Back,2016,162146076.0,58697076.0,36.2,103449000.0,63.8
tt4160708,Don't Breathe,2016,157761002.0,89217875.0,56.6,68543127.0,43.4
tt2140479,The Accountant,2016,155160045.0,86260045.0,55.6,68900000.0,44.4
tt4786282,Lights Out,2016,148868835.0,67268835.0,45.2,81600000.0,54.8
tt2788732,Pete's Dragon,2016,143695338.0,76233151.0,53.1,67462187.0,46.9
tt1700841,Sausage Party,2016,140705322.0,97685686.0,69.4,43019636.0,30.6
tt3741834,Lion,2016,140312928.0,51738905.0,36.9,88574023.0,63.1
tt3522806,Mechanic: Resurrection,2016,125729635.0,21218403.0,16.9,104511232.0,83.1
tt1860357,Deepwater Horizon,2016,121790373.0,61433527.0,50.4,60356846.0,49.6
tt3640424,Allied,2016,119520023.0,40098064.0,33.5,79421959.0,66.5
tt4052882,The Shallows,2016,119100758.0,55124043.0,46.3,63976715.0,53.7
tt4094724,The Purge: Election Year,2016,118587880.0,79213375.0,66.8,39374505.0,33.2
tt4501244,Why Him?,2016,118102725.0,60323786.0,51.1,57778939.0,48.9
tt1711525,Office Christmas Party,2016,114501299.0,54767494.0,47.8,59733805.0,52.2
tt1292566,How to Be Single,2016,112343513.0,46843513.0,41.7,65500000.0,58.3
tt1179933,10 Cloverfield Lane,2016,110216998.0,72082998.0,65.4,38134000.0,34.6
tt4438848,Neighbors 2: Sorority Rising,2016,108007109.0,55455765.0,51.3,52551344.0,48.7
tt1860213,Dirty Grandpa,2016,94073028.0,35593113.0,37.8,58479915.0,62.2
tt2638144,Ben-Hur,2016,94061311.0,26410477.0,28.1,67650834.0,71.9
tt2241351,Money Monster,2016,93282604.0,41012075.0,44.0,52270529.0,56.0
tt3760922,My Big Fat Greek Wedding 2,2016,90632641.0,59689605.0,65.9,30943036.0,34.1
tt4682786,Collateral Beauty,2016,88528280.0,31016021.0,35.0,57512259.0,65.0
tt4832640,Sultan,2016,87280000.0,6200000.0,7.1,81080000.0,92.9
tt2005151,War Dogs,2016,86234523.0,43034523.0,49.9,43200000.0,50.1
tt3531824,Nerve,2016,85251425.0,38583626.0,45.3,46667799.0,54.7
tt4361050,Ouija: Origin of Evil,2016,81705746.0,35144505.0,43.0,46561241.0,57.0
tt3717252,Underworld: Blood Wars,2016,81093313.0,30353973.0,37.4,50739340.0,62.6
tt4034228,Manchester by the Sea,2016,78988148.0,47695371.0,60.4,31292777.0,39.6
tt2702724,The Boss,2016,78844582.0,63285885.0,80.3,15558697.0,19.7
tt2823054,Mike and Dave Need Wedding Dates,2016,77068246.0,46009673.0,59.7,31058573.0,40.3
tt4302938,Kubo and the Two Strings,2016,76249438.0,48023088.0,63.0,28226350.0,37.0
tt2488496,Star Wars: Episode VII - The Force Awakens,2015,2068223624.0,936662225.0,45.3,1131561399.0,54.7
tt0369610,Jurassic World,2015,1670400637.0,652270625.0,39.0,1018130012.0,61.0
tt2820852,Furious 7,2015,1515047671.0,353007020.0,23.3,1162040651.0,76.7
tt2395427,Avengers: Age of Ultron,2015,1402805868.0,459005868.0,32.7,943800000.0,67.3
tt2293640,Minions,2015,1159398397.0,336045770.0,29.0,823352627.0,71.0
tt2379713,Spectre,2015,880674609.0,200074609.0,22.7,680600000.0,77.3
tt2096673,Inside Out,2015,857611174.0,356461711.0,41.6,501149463.0,58.4
tt2381249,Mission: Impossible - Rogue Nation,2015,682714267.0,195042377.0,28.6,487671890.0,71.4
tt1951266,The Hunger Games: Mockingjay - Part 2,2015,658344137.0,281723902.0,42.8,376620235.0,57.2
tt3659388,The Martian,2015,630161890.0,228433663.0,36.2,401728227.0,63.8
tt2322441,Fifty Shades of Grey,2015,569651467.0,166167230.0,29.2,403484237.0,70.8
tt1661199,Cinderella,2015,542351353.0,201151353.0,37.1,341200000.0,62.9
tt1663202,The Revenant,2015,532950503.0,183637894.0,34.5,349312609.0,65.5
tt0478970,Ant-Man,2015,519311965.0,180202163.0,34.7,339109802.0,65.3
tt2510894,Hotel Transylvania 2,2015,474800000.0,169700110.0,35.7,305099890.0,64.3
tt2126355,San Andreas,2015,473990832.0,155190832.0,32.7,318800000.0,67.3
tt1340138,Terminator Genisys,2015,440603537.0,89760956.0,20.4,350842581.0,79.6
tt5026378,Kingsman: The Secret Service,2015,414351546.0,128261724.0,31.0,286089822.0,69.0
tt2224026,Home,2015,386041607.0,177397510.0,46.0,208644097.0,54.0
tt1392190,Mad Max: Fury Road,2015,374736354.0,153636354.0,41.0,221100000.0,59.0
tt1979388,The Good Dinosaur,2015,332207671.0,123087120.0,37.1,209120551.0,62.9
tt2446042,Taken 3,2015,326479141.0,89256424.0,27.3,237222717.0,72.7
tt2279373,The SpongeBob Movie: Sponge Out of Water,2015,325186032.0,162994032.0,50.1,162192000.0,49.9
tt4046784,Maze Runner: The Scorch Trials,2015,312296056.0,81697192.0,26.2,230598864.0,73.8
No_code,The Divergent Series: Insurgent,2015,297002527.0,130179072.0,43.8,166823455.0,56.2
tt2848292,Pitch Perfect 2,2015,287144079.0,184296230.0,64.2,102847849.0,35.8
tt2452042,The Peanuts Movie,2015,246233113.0,130178411.0,52.9,116054702.0,47.1
tt2120120,Pixels,2015,244874809.0,78747585.0,32.2,166127224.0,67.8
tt1528854,Daddy's Home,2015,242786137.0,150357137.0,61.9,92429000.0,38.1
tt3079380,Spy,2015,235666219.0,110825712.0,47.0,124840507.0,53.0
tt2974918,Alvin and the Chipmunks: The Road Chip,2015,234798636.0,85886987.0,36.6,148911649.0,63.4
tt2637276,Ted 2,2015,215863606.0,81476385.0,37.7,134387221.0,62.3
tt1964418,Tomorrowland,2015,209035668.0,93436322.0,44.7,115599346.0,55.3
tt2719848,Everest,2015,203427584.0,43482270.0,21.4,159945314.0,78.6
tt1398426,Straight Outta Compton,2015,201634991.0,161197785.0,79.9,40437206.0,20.1
tt2361509,The Intern,2015,194564672.0,75764672.0,38.9,118800000.0,61.1
tt1617661,Jupiter Ascending,2015,183887723.0,47387723.0,25.8,136500000.0,74.2
tt3076658,Creed,2015,173567581.0,109767581.0,63.2,63800000.0,36.8
tt1502712,Fantastic Four,2015,167882881.0,56117548.0,33.4,111765333.0,66.6
tt3682448,Bridge of Spies,2015,165478348.0,72313754.0,43.7,93164594.0,56.3
tt2381941,Focus,2015,158762963.0,53862963.0,33.9,104900000.0,66.1
tt1051904,Goosebumps,2015,158260952.0,80080379.0,50.6,78180573.0,49.4
tt3460252,The Hateful Eight,2015,155760117.0,54117416.0,34.7,101642701.0,65.3
tt5450800,Gods of Egypt,2015,150680864.0,31153464.0,20.7,119527400.0,79.3
tt1618442,The Last Witch Hunter,2015,146936910.0,27367660.0,18.6,119569250.0,81.4
tt3152624,Trainwreck,2015,140795793.0,110212700.0,78.3,30583093.0,21.7
tt2058673,Point Break,2015,133718711.0,28782481.0,21.5,104936230.0,78.5
tt1596363,The Big Short,2015,133440870.0,70259870.0,52.7,63181000.0,47.3
tt3332064,Pan,2015,128388320.0,35088320.0,27.3,93300000.0,72.7
No_code,Ride Along 2,2015,124605297.0,91221830.0,73.2,33383467.0,26.8
tt2268016,Magic Mike XXL,2015,117813057.0,66013057.0,56.0,51800000.0,44.0
tt3195644,Insidious: Chapter 3,2015,112983889.0,52218558.0,46.2,60765331.0,53.8
tt2561572,Get Hard,2015,111711453.0,90411453.0,80.9,21300000.0,19.1
No_code,The 5th Wave,2015,109906372.0,34916787.0,31.8,74989585.0,68.2
tt3450650,Paul Blart: Mall Cop 2,2015,107588225.0,71038190.0,66.0,36550035.0,34.0
tt1524930,Vacation,2015,107228221.0,58884188.0,54.9,48344033.0,45.1
tt1638355,The Man from U.N.C.L.E.,2015,107045109.0,45445109.0,42.5,61600000.0,57.5
tt2872750,Shaun the Sheep Movie,2015,106209378.0,19375982.0,18.2,86833396.0,81.8
tt1850457,Sisters,2015,105011053.0,87044645.0,82.9,17966408.0,17.1
tt1823672,Chappie,2015,102811889.0,31569268.0,30.7,71242621.0,69.3
tt2446980,Joy,2015,101134059.0,56451232.0,55.8,44682827.0,44.2
tt1355683,Black Mass,2015,99775678.0,62575678.0,62.7,37200000.0,37.3
tt1895587,Spotlight,2015,98690254.0,45055776.0,45.7,53634478.0,54.3
tt3567288,The Visit,2015,98450062.0,65206105.0,66.2,33243957.0,33.8
tt1029360,Poltergeist,2015,95437994.0,47425125.0,49.7,48012869.0,50.3
tt1390411,In the Heart of the Sea,2015,93920758.0,25020758.0,26.6,68900000.0,73.4
tt1798684,Southpaw,2015,91970827.0,52421953.0,57.0,39548874.0,43.0
tt2555736,The Second Best Exotic Marigold Hotel,2015,85978266.0,33078266.0,38.5,52900000.0,61.5
tt3622592,Paper Towns,2015,85512300.0,32000304.0,37.4,53511996.0,62.6
tt3397884,Sicario,2015,84872444.0,46889293.0,55.2,37983151.0,44.8
tt2679042,Hitman: Agent 47,2015,82347656.0,22467450.0,27.3,59880206.0,72.7
tt0884732,The Wedding Ringer,2015,79799880.0,64460211.0,80.8,15339669.0,19.2
tt2473510,Paranormal Activity: The Ghost Dimension,2015,78903124.0,18300124.0,23.2,60603000.0,76.8
tt3863552,Bajrangi Bhaijaan,2015,75547184.0,8178001.0,10.8,67369183.0,89.2
tt3832914,War Room,2015,73267874.0,67790117.0,92.5,5477757.0,7.5
tt2938956,The Transporter Refueled,2015,72629670.0,16029670.0,22.1,56600000.0,77.9
tt2109248,Transformers: Age of Extinction,2014,1104054072.0,245439076.0,22.2,858614996.0,77.8
tt2310332,The Hobbit: The Battle of the Five Armies,2014,956019788.0,255119788.0,26.7,700900000.0,73.3
tt2015381,Guardians of the Galaxy,2014,772776600.0,333176600.0,43.1,439600000.0,56.9
tt1587310,Maleficent,2014,758410378.0,241410378.0,31.8,517000000.0,68.2
tt1951265,The Hunger Games: Mockingjay - Part 1,2014,755356711.0,337135885.0,44.6,418220826.0,55.4
tt1877832,X-Men: Days of Future Past,2014,746045700.0,233921534.0,31.4,512124166.0,68.6
tt1843866,Captain America: The Winter Soldier,2014,714421503.0,259766572.0,36.4,454654931.0,63.6
tt2103281,Dawn of the Planet of the Apes,2014,710644566.0,208545589.0,29.3,502098977.0,70.7
tt1872181,The Amazing Spider-Man 2,2014,708982323.0,202853933.0,28.6,506128390.0,71.4
tt0816692,Interstellar,2014,677896797.0,188020017.0,27.7,489876780.0,72.3
tt2245084,Big Hero 6,2014,657827828.0,222527828.0,33.8,435300000.0,66.2
tt1646971,How to Train Your Dragon 2,2014,621537519.0,177002924.0,28.5,444534595.0,71.5
tt2179136,American Sniper,2014,547426372.0,350126372.0,64.0,197300000.0,36.0
tt0831387,Godzilla,2014,524976069.0,200676069.0,38.2,324300000.0,61.8
tt2357291,Rio 2,2014,498781117.0,131538435.0,26.4,367242682.0,73.6
tt1291150,Teenage Mutant Ninja Turtles,2014,485004754.0,191204754.0,39.4,293800000.0,60.6
tt1490017,The Lego Movie,2014,468060692.0,257760692.0,55.1,210300000.0,44.9
tt2872732,Lucy,2014,458863600.0,126663600.0,27.6,332200000.0,72.4
tt1911658,Penguins of Madagascar,2014,373515621.0,83850911.0,22.4,289664710.0,77.6
tt1631867,Edge of Tomorrow,2014,370541256.0,100206256.0,27.0,270335000.0,73.0
tt2267998,Gone Girl,2014,369330363.0,167767189.0,45.4,201563174.0,54.6
tt2692250,Night at the Museum: Secret of the Tomb,2014,363204635.0,113746621.0,31.3,249458014.0,68.7
tt1959490,Noah,2014,359200044.0,101200044.0,28.2,258000000.0,71.8
tt1790864,The Maze Runner,2014,348319861.0,102427862.0,29.4,245891999.0,70.6
tt1253863,300: Rise of an Empire,2014,337580051.0,106580051.0,31.6,231000000.0,68.4
tt2294449,22 Jump Street,2014,331333876.0,191719337.0,57.9,139614539.0,42.1
tt2582846,The Fault in Our Stars,2014,307166834.0,124872350.0,40.7,182294484.0,59.3
tt1840309,Divergent,2014,288885818.0,150947895.0,52.3,137937923.0,47.7
tt1109624,Paddington,2014,282370135.0,76271832.0,27.0,206098303.0,73.0
tt0864835,Mr. Peabody & Sherman,2014,275698039.0,111506430.0,40.4,164191609.0,59.6
tt2004420,Neighbors,2014,270665134.0,150157400.0,55.5,120507734.0,44.5
tt1528100,Exodus: Gods and Kings,2014,268175631.0,65014513.0,24.2,203161118.0,75.8
tt3322940,Annabelle,2014,257047661.0,84273813.0,32.8,172773848.0,67.2
tt1267297,Hercules,2014,244819862.0,72688614.0,29.7,172131248.0,70.3
tt1234721,RoboCop,2014,242688965.0,58607007.0,24.1,184081958.0,75.9
tt2084970,The Imitation Game,2014,233555708.0,91125683.0,39.0,142430025.0,61.0
tt2024469,Non-Stop,2014,222809600.0,92168600.0,41.4,130641000.0,58.6
tt0829150,Dracula Untold,2014,217124280.0,56280355.0,25.9,160843925.0,74.1
tt2333784,The Expendables 3,2014,214657577.0,39322544.0,18.3,175335033.0,81.7
tt2180411,Into the Woods,2014,212902372.0,128002372.0,60.1,84900000.0,39.9
tt2713180,Fury,2014,211817906.0,85817906.0,40.5,126000000.0,59.5
tt2369135,Need for Speed,2014,203277636.0,43577636.0,21.4,159700000.0,78.6
tt2203939,The Other Woman,2014,196710396.0,83911193.0,42.7,112799203.0,57.3
tt0455944,The Equalizer,2014,192330738.0,101530738.0,52.8,90800000.0,47.2
tt2278388,The Grand Budapest Hotel,2014,172936941.0,59301324.0,34.3,113635617.0,65.7
tt2096672,Dumb and Dumber to,2014,169837010.0,86208010.0,50.8,83629000.0,49.2
tt2106361,Into the Storm,2014,161502194.0,47602194.0,29.5,113900000.0,70.5
tt1809398,Unbroken,2014,161459297.0,115637895.0,71.6,45821402.0,28.4
tt2177771,The Monuments Men,2014,155641650.0,78031620.0,50.1,77610030.0,49.9
tt1408253,Ride Along,2014,154468902.0,134938200.0,87.4,19530702.0,12.6
tt2980706,Planes: Fire & Rescue,2014,146965787.0,59165787.0,40.3,87800000.0,59.7
tt1924435,Let's Be Cops,2014,138224951.0,82390774.0,59.6,55834177.0,40.4
tt1823664,Annie,2014,136853506.0,85911262.0,62.8,50942244.0,37.2
tt1205537,Jack Ryan: Shadow Recruit,2014,135503748.0,50577412.0,37.3,84926336.0,62.7
tt1086772,Blended,2014,127994610.0,46294610.0,36.2,81700000.0,63.8
tt1956620,Sex Tape,2014,126069509.0,38543473.0,30.6,87526036.0,69.4
tt2980516,The Theory of Everything,2014,123726688.0,35893537.0,29.0,87833151.0,71.0
tt1821658,The Nut Job,2014,120885527.0,64251541.0,53.2,56633986.0,46.8
tt1921064,Pompeii,2014,117831631.0,23219748.0,19.7,94611883.0,80.3
tt1121096,Seventh Son,2014,114178613.0,17223265.0,15.1,96955348.0,84.9
tt2975578,The Purge: Anarchy,2014,111928365.0,71962800.0,64.3,39965565.0,35.7
tt0787474,The Boxtrolls,2014,108255770.0,50837305.0,47.0,57418465.0,53.0
tt2170439,Horrible Bosses 2,2014,107645357.0,54445357.0,50.6,53200000.0,49.4
tt1204977,Ouija,2014,103590271.0,50856010.0,49.1,52734261.0,50.9
tt2562232,Birdman or (The Unexpected Virtue of Ignorance),2014,103215094.0,42340598.0,41.0,60874496.0,59.0
tt2209764,Transcendence,2014,103039258.0,23022309.0,22.3,80016949.0,77.7
tt1929263,Heaven Is for Real,2014,101888019.0,91443253.0,89.7,10444766.0,10.3
tt1698641,"Alexander and the Terrible, Horrible, No Good, Very Bad Day",2014,100654149.0,66954149.0,66.5,33700000.0,33.5
tt2103254,Tammy,2014,100375432.0,84525432.0,84.2,15850000.0,15.8
tt2338151,PK,2014,100370104.0,10616104.0,10.6,89754000.0,89.4
tt2262227,The Book of Life,2014,99783556.0,50151543.0,50.3,49632013.0,49.7
tt2473682,Paranormal Activity: The Marked Ones,2014,90894962.0,32462372.0,35.7,58432590.0,64.3
tt2980648,The Hundred-Foot Journey,2014,89514453.0,54240821.0,60.6,35273632.0,39.4
tt2377322,Deliver Us from Evil,2014,87937815.0,30577122.0,34.8,57360693.0,65.2
tt2557490,A Million Ways to Die in the West,2014,87189756.0,43139300.0,49.5,44050456.0,50.5
tt2626350,Step Up All in,2014,86165646.0,14904384.0,17.3,71261262.0,82.7
tt2911666,John Wick,2014,86013056.0,43037835.0,50.0,42975221.0,50.0
tt1872194,The Judge,2014,84419388.0,47119388.0,55.8,37300000.0,44.2
tt2281587,Muppets Most Wanted,2014,80383113.0,51183113.0,63.7,29200000.0,36.3
tt1355630,If I Stay,2014,78274843.0,50474843.0,64.5,27800000.0,35.5
tt1418377,"I, Frankenstein",2014,76801179.0,19075290.0,24.8,57725889.0,75.2
No_code,Crimson Peak,2014,74679822.0,31090320.0,41.6,43589502.0,58.4
tt2294629,Frozen,2013,1280802282.0,400738009.0,31.3,880064273.0,68.7
tt3107386,Iron Man 3,2013,1214811252.0,409013994.0,33.7,805797258.0,66.3
tt1690953,Despicable Me 2,2013,970766005.0,368065385.0,37.9,602700620.0,62.1
tt1170358,The Hobbit: The Desolation of Smaug,2013,958366855.0,258366855.0,27.0,700000000.0,73.0
tt1951264,The Hunger Games: Catching Fire,2013,865011746.0,424668047.0,49.1,440343699.0,50.9
tt3401738,Fast & Furious 6,2013,788679850.0,238679850.0,30.3,550000000.0,69.7
tt1453405,Monsters University,2013,743559607.0,268492764.0,36.1,475066843.0,63.9
tt1454468,Gravity,2013,723192705.0,274092705.0,37.9,449100000.0,62.1
tt0770828,Man of Steel,2013,668045518.0,291045518.0,43.6,377000000.0,56.4
tt1981115,Thor: The Dark World,2013,644783140.0,206362140.0,32.0,438421000.0,68.0
tt0481499,The Croods,2013,587204668.0,187168425.0,31.9,400036243.0,68.1
tt0816711,World War Z,2013,540007876.0,202359711.0,37.5,337648165.0,62.5
tt1623205,Oz the Great and Powerful,2013,493311825.0,234911825.0,47.6,258400000.0,52.4
tt1408101,Star Trek Into Darkness,2013,467365246.0,228778661.0,49.0,238586585.0,51.0
tt1430132,The Wolverine,2013,414828246.0,132556852.0,32.0,282271394.0,68.0
tt1663662,Pacific Rim,2013,411002906.0,101802906.0,24.8,309200000.0,75.2
tt0993846,The Wolf of Wall Street,2013,392000694.0,116900694.0,29.8,275100000.0,70.2
tt1583421,G.I. Joe: Retaliation,2013,375740705.0,122523060.0,32.6,253217645.0,67.4
tt1951261,The Hangover Part III,2013,362000072.0,112200072.0,31.0,249800000.0,69.0
tt1343092,The Great Gatsby,2013,353641895.0,144840419.0,41.0,208801476.0,59.0
tt1670345,Now You See Me,2013,351723989.0,117723989.0,33.5,234000000.0,66.5
tt2017020,The Smurfs 2,2013,347545360.0,71017784.0,20.4,276527576.0,79.6
tt1457767,The Conjuring,2013,319494638.0,137400141.0,43.0,182094497.0,57.0
tt1606378,A Good Day to Die Hard,2013,304654182.0,67349198.0,22.1,237304984.0,77.9
tt1483013,Oblivion,2013,286168572.0,89107235.0,31.1,197061337.0,68.9
tt1535108,Elysium,2013,286140700.0,93050117.0,32.5,193090583.0,67.5
tt1860353,Turbo,2013,282570682.0,83028128.0,29.4,199542554.0,70.6
tt1985966,Cloudy with a Chance of Meatballs 2,2013,274325949.0,119793567.0,43.7,154532382.0,56.3
tt0848537,Epic,2013,268426634.0,107518682.0,40.1,160907952.0,59.9
tt1210819,The Lone Ranger,2013,260502115.0,89302115.0,34.3,171200000.0,65.7
tt1800241,American Hustle,2013,251171807.0,150117807.0,59.8,101054000.0,40.2
tt2191701,Grown Ups 2,2013,246984278.0,133668525.0,54.1,113315753.0,45.9
tt1815862,After Earth,2013,243611982.0,60522097.0,24.8,183089885.0,75.2
tt1691917,Planes,2013,239258712.0,90288712.0,37.7,148970000.0,62.3
tt1428538,Hansel & Gretel: Witch Hunters,2013,226349749.0,55703475.0,24.6,170646274.0,75.4
tt1535109,Captain Phillips,2013,218791811.0,107100855.0,49.0,111690956.0,51.0
tt2334879,White House Down,2013,205366737.0,73103784.0,35.6,132262953.0,64.4
tt1854564,Percy Jackson: Sea of Monsters,2013,199850315.0,68559554.0,34.3,131290761.0,65.7
tt1351685,Jack the Giant Slayer,2013,197687603.0,65187603.0,33.0,132500000.0,67.0
tt0359950,The Secret Life of Walter Mitty,2013,188133322.0,58236838.0,31.0,129896484.0,69.0
tt2024544,12 Years a Slave,2013,187733202.0,56671993.0,30.2,131061209.0,69.8
No_code,Lee Daniels' The Butler,2013,177313795.0,116632095.0,65.8,60681700.0,34.2
tt2024432,Identity Thief,2013,173965010.0,134506920.0,77.3,39458090.0,22.7
tt1229340,Anchorman 2: The Legend Continues,2013,171464676.0,125168368.0,73.0,46296308.0,27.0
tt2302755,Olympus Has Fallen,2013,170270201.0,98925640.0,58.1,71344561.0,41.9
tt2226417,Insidious: Chapter 2,2013,161919318.0,83586447.0,51.6,78332871.0,48.4
tt1091191,Lone Survivor,2013,154802912.0,125095601.0,80.8,29707311.0,19.2
tt3063516,Bad Grandpa,2013,151826547.0,102003019.0,67.2,49823528.0,32.8
tt1335975,47 Ronin,2013,151783839.0,38362475.0,25.3,113421364.0,74.7
tt1821694,RED 2,2013,148075565.0,53262560.0,36.0,94813005.0,64.0
tt2023587,Mama,2013,146428180.0,71628180.0,48.9,74800000.0,51.1
tt1211956,Escape Plan,2013,137328301.0,25135965.0,18.3,112192336.0,81.7
tt1272878,2 Guns,2013,131940411.0,75612460.0,57.3,56327951.0,42.7
tt1245492,This Is the End,2013,126041322.0,101470202.0,80.5,24571120.0,19.5
tt1731141,Ender's Game,2013,125544024.0,61737191.0,49.2,63806833.0,50.8
tt1392214,Prisoners,2013,122126687.0,61002302.0,50.0,61124385.0,50.0
No_code,Jurassic Park 2013 Re-release,2013,118192315.0,45385935.0,38.4,72806380.0,61.6
tt2140373,Saving Mr. Banks,2013,117867984.0,83301580.0,70.7,34566404.0,29.3
tt1588173,Warm Bodies,2013,116980662.0,66380662.0,56.7,50600000.0,43.3
tt1621039,Free Birds,2013,110387072.0,55750480.0,50.5,54636592.0,49.5
tt1321870,Gangster Squad,2013,105200903.0,46000903.0,43.7,59200000.0,56.3
No_code,Instructions Not Included,2013,100486616.0,44467206.0,44.3,56019410.0,55.7
tt2431286,Philomena,2013,100129872.0,37709979.0,37.7,62419893.0,62.3
tt2334873,Blue Jasmine,2013,99104804.0,33405481.0,33.7,65699323.0,66.3
tt1411250,Riddick,2013,98337295.0,42025135.0,42.7,56312160.0,57.3
tt1702439,Safe Haven,2013,97594140.0,71349120.0,73.1,26245020.0,26.9
tt1288558,Evil Dead,2013,97542952.0,54239856.0,55.6,43303096.0,44.4
tt0453562,42,2013,97470701.0,95020213.0,97.5,2450488.0,2.5
tt1538403,The Mortal Instruments: City of Bones,2013,95396573.0,31165421.0,32.7,64231152.0,67.3
tt1979320,Rush,2013,95224595.0,26947624.0,28.3,68276971.0,71.7
tt2234155,The Internship,2013,93492844.0,44672764.0,47.8,48820080.0,52.2
tt2184339,The Purge,2013,89328627.0,64473115.0,72.2,24855512.0,27.8
tt1833673,Dhoom 3,2013,88031955.0,8031955.0,9.1,80000000.0,90.9
tt8207932,Pain & Gain,2013,87305549.0,49875291.0,57.1,37430258.0,42.9
tt2194499,About Time,2013,87100449.0,15322921.0,17.6,71777528.0,82.4
tt1706620,Snowpiercer,2013,86758912.0,4563650.0,5.3,82195262.0,94.7
tt1939659,Carrie,2013,84790678.0,35266619.0,41.6,49524059.0,58.4
tt2404311,The Family,2013,78418811.0,36918811.0,47.1,41500000.0,52.9
No_code,Scary Movie V,2013,78378744.0,32015787.0,40.8,46362957.0,59.2
tt0790736,R.I.P.D.,2013,78324220.0,33618855.0,42.9,44705365.0,57.1
tt0816442,The Book Thief,2013,76586316.0,21488481.0,28.1,55097835.0,71.9
tt0765446,Escape from Planet Earth,2013,74597643.0,57012977.0,76.4,17584666.0,23.6
tt1322269,August: Osage County,2013,74188937.0,37738810.0,50.9,36450127.0,49.1
tt2083355,The Best Man Holiday,2013,72835710.0,70525195.0,96.8,2310515.0,3.2
tt2193215,The Counselor,2013,71009334.0,16973715.0,23.9,54035619.0,76.1
tt1911644,The Call,2013,68572631.0,51872378.0,75.6,16700253.0,24.4
tt2515086,One Direction: This Is Us,2013,68532898.0,28873374.0,42.1,39659524.0,57.9
tt0848228,The Avengers,2012,1518812988.0,623357910.0,41.0,895455078.0,59.0
tt1074638,Skyfall,2012,1108561013.0,304360277.0,27.5,804200736.0,72.5
tt1345836,The Dark Knight Rises,2012,1081041287.0,448139099.0,41.5,632902188.0,58.5
tt0903624,The Hobbit: An Unexpected Journey,2012,1017003568.0,303003568.0,29.8,714000000.0,70.2
tt1667889,Ice Age: Continental Drift,2012,877244782.0,161321843.0,18.4,715922939.0,81.6
tt1673434,The Twilight Saga: Breaking Dawn - Part 2,2012,829746820.0,292324737.0,35.2,537422083.0,64.8
tt0948470,The Amazing Spider-Man,2012,757930663.0,262030663.0,34.6,495900000.0,65.4
tt1277953,Madagascar 3: Europe's Most Wanted,2012,746921274.0,216391482.0,29.0,530529792.0,71.0
tt1392170,The Hunger Games,2012,694394724.0,408010692.0,58.8,286384032.0,41.2
tt1409024,Men in Black 3,2012,624026776.0,179020854.0,28.7,445005922.0,71.3
tt0454876,Life of Pi,2012,609016565.0,124987023.0,20.5,484029542.0,79.5
tt1637725,Ted,2012,549368315.0,218815487.0,39.8,330552828.0,60.2
tt1217209,Brave,2012,538983207.0,237283207.0,44.0,301700000.0,56.0
tt1772341,Wreck-It Ralph,2012,471222889.0,189422889.0,40.2,281800000.0,59.8
tt1707386,Les Misérables,2012,441809770.0,148809770.0,33.7,293000000.0,66.3
tt1853728,Django Unchained,2012,425368238.0,162805434.0,38.3,262562804.0,61.7
tt1446714,Prometheus,2012,403354469.0,126477084.0,31.4,276877385.0,68.6
tt1735898,Snow White and the Huntsman,2012,396592829.0,155332381.0,39.2,241260448.0,60.8
tt1397280,Taken 2,2012,376141306.0,139854287.0,37.2,236287019.0,62.8
tt0837562,Hotel Transylvania,2012,358375603.0,148313048.0,41.4,210062555.0,58.6
No_code,Titanic 2012 3D Release,2012,350449521.0,57884114.0,16.5,292565407.0,83.5
tt1482459,The Lorax,2012,348840316.0,214030500.0,61.4,134809816.0,38.6
tt1397514,Journey 2: The Mysterious Island,2012,335260290.0,103860290.0,31.0,231400000.0,69.0
tt1764651,The Expendables 2,2012,314975955.0,85028192.0,27.0,229947763.0,73.0
tt1446192,Rise of the Guardians,2012,306941670.0,103412758.0,33.7,203528912.0,66.3
tt1440129,Battleship,2012,303025485.0,65422625.0,21.6,237602860.0,78.4
tt1646987,Wrath of the Titans,2012,301970083.0,83670083.0,27.7,218300000.0,72.3
tt0401729,John Carter,2012,284139100.0,73078100.0,25.7,211061000.0,74.3
tt1194173,The Bourne Legacy,2012,276144750.0,113203870.0,41.0,162940880.0,59.0
tt0443272,Lincoln,2012,275293450.0,182207973.0,66.2,93085477.0,33.8
No_code,We're the Millers,2012,269994119.0,150394119.0,55.7,119600000.0,44.3
tt1077368,Dark Shadows,2012,245527149.0,79727149.0,32.5,165800000.0,67.5
tt1855325,Resident Evil: Retribution,2012,240159255.0,42345531.0,17.6,197813724.0,82.4
tt1045658,Silver Linings Playbook,2012,236412453.0,132092958.0,55.9,104319495.0,44.1
tt1605630,American Reunion,2012,234989584.0,57011521.0,24.3,177978063.0,75.7
tt1024648,Argo,2012,232325503.0,136025503.0,58.5,96300000.0,41.5
tt0790724,Jack Reacher,2012,218340595.0,80070736.0,36.7,138269859.0,63.3
tt1599348,Safe House,2012,208076205.0,126373434.0,60.7,81702771.0,39.3
tt1232829,21 Jump Street,2012,201585328.0,138447667.0,68.7,63137661.0,31.3
tt1386703,Total Recall,2012,198467168.0,58877969.0,29.7,139589199.0,70.3
tt1855385,The Impossible,2012,198087212.0,19019882.0,9.6,179067330.0,90.4
tt1606389,The Vow,2012,196114570.0,125014030.0,63.7,71100540.0,36.3
tt1667353,Mirror Mirror,2012,183018522.0,64935167.0,35.5,118083355.0,64.5
tt1645170,The Dictator,2012,179379533.0,59650222.0,33.3,119729311.0,66.7
tt1276104,Looper,2012,176506819.0,66486205.0,37.7,110020614.0,62.3
tt1915581,Magic Mike,2012,167739368.0,113721571.0,67.8,54017797.0,32.2
tt1907668,Flight,2012,161772375.0,93772375.0,58.0,68000000.0,42.0
tt1496025,Underworld: Awakening,2012,160112671.0,62321039.0,38.9,97791632.0,61.1
tt1596350,This Means War,2012,156491279.0,54760791.0,35.0,101730488.0,65.0
tt2109184,Paranormal Activity 4,2012,142802657.0,53885000.0,37.7,88917657.0,62.3
tt1800741,Step Up Revolution,2012,140470746.0,35074677.0,25.0,105396069.0,75.0
tt5173200,The Best Exotic Marigold Hotel,2012,136836156.0,46412041.0,33.9,90424115.0,66.1
No_code,Last Vegas,2012,134402450.0,63914167.0,47.6,70488283.0,52.4
tt1790885,Zero Dark Thirty,2012,132820716.0,95720716.0,72.1,37100000.0,27.9
tt5280288,Ghost Rider: Spirit of Vengeance,2012,132563930.0,51774002.0,39.1,80789928.0,60.9
tt1371111,Cloud Atlas,2012,130482868.0,27108272.0,20.8,103374596.0,79.2
tt1596365,The Woman in Black,2012,128955898.0,54333290.0,42.1,74622608.0,57.9
tt1706593,Chronicle,2012,126636097.0,64575175.0,51.0,62060922.0,49.0
No_code,Walking with Dinosaurs 3D,2012,126546518.0,36076121.0,28.5,90470397.0,71.5
tt2332839,The Pirates! Band of Misfits,2012,123054041.0,31051126.0,25.2,92002915.0,74.8
tt1047540,Parental Guidance,2012,119772232.0,77267296.0,64.5,42504936.0,35.5
tt1611224,Abraham Lincoln: Vampire Hunter,2012,116471580.0,37519139.0,32.2,78952441.0,67.8
tt1981677,Pitch Perfect,2012,115350426.0,65001093.0,56.4,50349333.0,43.6
tt1535438,Hope Springs,2012,114281051.0,63536011.0,55.6,50745040.0,44.4
tt1623288,ParaNorman,2012,107139399.0,56003051.0,52.3,51136348.0,47.7
tt1790886,The Campaign,2012,104907746.0,86907746.0,82.8,18000000.0,17.2
No_code,Star Wars: Episode I - The Phantom Menace 2012 3D Release,2012,102739593.0,43456382.0,42.3,59283211.0,57.7
tt1636826,Project X,2012,102731865.0,54731865.0,53.3,48000000.0,46.7
tt1560985,The Devil Inside,2012,101758490.0,53261944.0,52.3,48496546.0,47.7
tt1327194,The Lucky One,2012,99357138.0,60457138.0,60.8,38900000.0,39.2
tt1524137,Contraband,2012,96262212.0,66528000.0,69.1,29734212.0,30.9
tt1621045,Think Like a Man,2012,96070507.0,91547205.0,95.3,4523302.0,4.7
tt1758830,This Is 40,2012,88215156.0,67544505.0,76.6,20670651.0,23.4
tt0431021,The Possession,2012,85446075.0,49130154.0,57.5,36315921.0,42.5
tt1586265,What to Expect When You're Expecting,2012,84384002.0,41152203.0,48.8,43231799.0,51.2
tt1615065,Savages,2012,82966152.0,47382068.0,57.1,35584084.0,42.9
tt1922777,Sinister,2012,82515113.0,48086903.0,58.3,34428210.0,41.7
tt1591479,Act of Valor,2012,82497035.0,70012847.0,84.9,12484188.0,15.1
tt1142977,Frankenweenie,2012,81491068.0,35291068.0,43.3,46200000.0,56.7
tt2180290,The Grey,2012,79781695.0,51580236.0,64.7,28201459.0,35.3
tt2023453,Diary of a Wimpy Kid: Dog Days,2012,77229695.0,49008662.0,63.5,28221033.0,36.5
tt1859650,To Rome with Love,2012,73244881.0,16685867.0,22.8,56559014.0,77.2
tt1648179,Here Comes the Boom,2012,73100172.0,45290318.0,62.0,27809854.0,38.0
tt7371706,The Cabin in the Woods,2012,69935600.0,42073277.0,60.2,27862323.0,39.8
No_code,Finding Nemo 2012 3D Release,2012,69328283.0,41128283.0,59.3,28200000.0,40.7
tt1781769,Anna Karenina,2012,68929150.0,12816367.0,18.6,56112783.0,81.4
tt1298649,The Watch,2012,68267862.0,35353000.0,51.8,32914862.0,48.2
tt1748122,Moonrise Kingdom,2012,68263166.0,45512466.0,66.7,22750700.0,33.3
tt2215285,Madea's Witness Protection,2012,66899242.0,65653242.0,98.1,1246000.0,1.9
No_code,Beauty and the Beast 2012 3D Release,2012,62767829.0,47617067.0,75.9,15150762.0,24.1
