,year,rank,title,worldwide $,domestic $,domestic %,foreign $,foreign %
0,2021,1,"Hi, Mom",822009764.0,0.0,0.0,822009764.0,100.0
1,2021,2,F9: The Fast Saga,714398815.0,172931815.0,24.2,541467000.0,75.8
2,2021,3,Detective Chinatown 3,686257563.0,0.0,0.0,686257563.0,100.0
3,2021,4,Godzilla vs. Kong,467863133.0,100563133.0,21.5,367300000.0,78.5
4,2021,5,Black Widow,377665240.0,183177333.0,48.5,194487907.0,51.5
5,2021,6,A Quiet Place Part II,297372261.0,160072261.0,53.8,137300000.0,46.2
6,2021,7,Free Guy,277748887.0,102882486.0,37.0,174866401.0,63.0
7,2021,8,Shang-Chi and the Legend of the Ten Rings,264556500.0,152612024.0,57.7,111944476.0,42.3
8,2021,9,Cruella,233274187.0,86102609.0,36.9,147171578.0,63.1
9,2021,10,Jungle Cruise,202265854.0,110294536.0,54.5,91971318.0,45.5
10,2021,11,The Conjuring: The Devil Made Me Do It,201965074.0,65565074.0,32.5,136400000.0,67.5
11,2021,12,Chinese Doctors,197143218.0,0.0,0.0,197143218.0,100.0
12,2021,13,Raging Fire,188915734.0,325806.0,0.2,188589928.0,99.8
13,2021,14,Impasse,181325565.0,152972.0,0.1,181172593.0,99.9
14,2021,15,The Suicide Squad,165270343.0,55270343.0,33.4,110000000.0,66.6
15,2021,16,Space Jam: A New Legacy,156243307.0,70243307.0,45.0,86000000.0,55.0
16,2021,17,Peter Rabbit 2: The Runaway,153736536.0,40336536.0,26.2,113400000.0,73.8
17,2021,18,A Writer's Odyssey,150123320.0,160013.0,0.1,149963307.0,99.9
18,2021,19,Tom and Jerry,132841123.0,46041123.0,34.7,86800000.0,65.3
19,2021,20,Raya and the Last Dragon,130281158.0,54723032.0,42.0,75558126.0,58.0
20,2021,21,Sister,128317206.0,0.0,0.0,128317206.0,100.0
21,2021,22,My Love,114016434.0,86252.0,0.1,113930182.0,99.9
22,2021,23,The Boss Baby: Family Business,108138805.0,57115805.0,52.8,51023000.0,47.2
23,2021,24,Wrath of Man,103966489.0,27466489.0,26.4,76500000.0,73.6
24,2021,25,Detective Conan: The Scarlet Bullet,95659979.0,0.0,0.0,95659979.0,100.0
25,2021,26,PAW Patrol: The Movie,93426907.0,35186249.0,37.7,58240658.0,62.3
26,2021,27,Evangelion: 3.0+1.01 Thrice Upon a Time,92246218.0,0.0,0.0,92246218.0,100.0
27,2021,28,End Game,91815762.0,23149.0,0.1,91792613.0,100.0
28,2021,29,Old,88641080.0,47792080.0,53.9,40849000.0,46.1
29,2021,30,Mortal Kombat,83601013.0,42201013.0,50.5,41400000.0,49.5
30,2021,31,Boonie Bears: The Wild Life,77861141.0,0.0,0.0,77861141.0,100.0
31,2021,32,The Forever Purge,76958715.0,44503715.0,57.8,32455000.0,42.2
32,2021,33,1921,75159828.0,0.0,0.0,75159828.0,100.0
33,2021,34,Hitman's Wife's Bodyguard,70331463.0,38014727.0,54.1,32316736.0,45.9
34,2021,35,Candyman,62767115.0,49243115.0,78.5,13524000.0,21.5
35,2021,36,Avatar 2021 Re-release,57566409.0,0.0,0.0,57566409.0,100.0
36,2021,37,Nezha Reborn,56088478.0,0.0,0.0,56088478.0,100.0
37,2021,38,Nobody,55405035.0,27268035.0,49.2,28137000.0,50.8
38,2021,39,Upcoming,54300000.0,0.0,0.0,54300000.0,100.0
39,2021,40,Belle: The Dragon and the Freckled Princess,54195448.0,0.0,0.0,54195448.0,100.0
40,2021,41,Man in Love,52946097.0,0.0,0.0,52946097.0,100.0
41,2021,42,Break Through the Darkness,52700000.0,0.0,0.0,52700000.0,100.0
42,2021,43,Luca,47470926.0,0.0,0.0,47470926.0,100.0
43,2021,44,Don't Breathe 2,45172368.0,30572368.0,67.7,14600000.0,32.3
44,2021,45,Love Will Tear Us Apart,44972521.0,0.0,0.0,44972521.0,100.0
45,2021,46,Escape Room: Tournament of Champions,44888958.0,25188958.0,56.1,19700000.0,43.9
46,2021,47,In the Heights,43879041.0,29879041.0,68.1,14000000.0,31.9
47,2021,48,Spirit Untamed,42636215.0,17635215.0,41.4,25001000.0,58.6
48,2021,49,Spiral,38824198.0,23216862.0,59.8,15607336.0,40.2
49,2021,50,Tokyo Revengers,38395933.0,0.0,0.0,38395933.0,100.0
50,2021,51,The Yinyang Master,37690000.0,0.0,0.0,37690000.0,100.0
51,2021,52,Rurouni Kenshin: Final Chapter Part I - The Final,36964978.0,0.0,0.0,36964978.0,100.0
52,2021,53,Snake Eyes,36964325.0,28264325.0,76.5,8700000.0,23.5
53,2021,54,I Fell in Love Like a Flower Bouquet,34975905.0,0.0,0.0,34975905.0,100.0
54,2021,55,Nomadland,34811091.0,2143000.0,6.2,32668091.0,93.8
55,2021,56,Big Red Envelope,32800000.0,0.0,0.0,32800000.0,100.0
56,2021,57,Once Upon a Time in Hong Kong,32218874.0,0.0,0.0,32218874.0,100.0
57,2021,58,Home Sweet Home,32178677.0,0.0,0.0,32178677.0,100.0
58,2021,59,The Unholy,30830440.0,15530440.0,50.4,15300000.0,49.6
59,2021,60,The Little Things,29844012.0,15244012.0,51.1,14600000.0,48.9
60,2021,61,Master,28692230.0,0.0,0.0,28692230.0,100.0
61,2021,62,The Last Warrior: Root of Evil,28357398.0,0.0,0.0,28357398.0,100.0
62,2021,63,Escape from Mogadishu,27935527.0,297482.0,1.1,27638045.0,98.9
63,2021,64,Respect,27010180.0,23401180.0,86.6,3609000.0,13.4
64,2021,65,Chaos Walking,26456630.0,13287908.0,50.2,13168722.0,49.8
65,2021,66,My Hero Academia: World Heroes' Mission,26421054.0,0.0,0.0,26421054.0,100.0
66,2021,67,The Courier,23552968.0,6613432.0,28.1,16939536.0,71.9
67,2021,68,Those Who Wish Me Dead,23408489.0,7347103.0,31.4,16061386.0,68.6
68,2021,69,The Marksman,22988549.0,15566093.0,67.7,7422456.0,32.3
69,2021,70,The Day We Lit Up the Sky,22500000.0,0.0,0.0,22500000.0,100.0
70,2021,71,Kaamelott: First Installment,21662036.0,188000.0,0.9,21474036.0,99.1
71,2021,72,Rurouni Kenshin: Final Chapter Part II - The Beginning,21318560.0,0.0,0.0,21318560.0,100.0
72,2021,73,Wish Dragon,21120000.0,0.0,0.0,21120000.0,100.0
73,2021,74,The Pioneer,18900000.0,0.0,0.0,18900000.0,100.0
74,2021,75,Mobile Suit Gundam: Hathaway,18731309.0,0.0,0.0,18731309.0,100.0
75,2021,76,Reminiscence,18695360.0,3878349.0,20.7,14817011.0,79.3
76,2021,77,Sinkhole,18526381.0,0.0,0.0,18526381.0,100.0
77,2021,78,The Green Knight,18274261.0,17173321.0,94.0,1100940.0,6.0
78,2021,79,Bo Gia,17480489.0,350000.0,2.0,17130489.0,98.0
79,2021,80,Gintama: The Final,17244651.0,0.0,0.0,17244651.0,100.0
80,2021,81,The Dry,16984586.0,364237.0,2.1,16620349.0,97.9
81,2021,82,Stillwater,16539740.0,14459600.0,87.4,2080140.0,12.6
82,2021,83,Upon the Magic Roads,15990882.0,0.0,0.0,15990882.0,100.0
83,2021,84,Minari,15383002.0,3110580.0,20.2,12272422.0,79.8
84,2021,85,Something About Love,15204017.0,0.0,0.0,15204017.0,100.0
85,2021,86,Malignant,14734620.0,5434620.0,36.9,9300000.0,63.1
86,2021,87,The Tomorrow War,14400000.0,0.0,0.0,14400000.0,100.0
87,2021,88,Crayon Shin-chan: Shrouded in Mystery! The Flowers of Tenkazu Academy,14059824.0,0.0,0.0,14059824.0,100.0
88,2021,89,After We Fell,13898525.0,428300.0,3.1,13470225.0,96.9
89,2021,90,Vakeel Saab,13056490.0,0.0,0.0,13056490.0,100.0
90,2021,91,Monkey King Reborn,13000000.0,0.0,0.0,13000000.0,100.0
91,2021,92,OSS 117: From Africa with Love,12970030.0,0.0,0.0,12970030.0,100.0
92,2021,93,No Escapes,12810886.0,0.0,0.0,12810886.0,100.0
93,2021,94,Hostage: Missing Celebrity,12591782.0,0.0,0.0,12591782.0,100.0
94,2021,95,Character,12571501.0,0.0,0.0,12571501.0,100.0
95,2021,96,On Your Mark,12100000.0,0.0,0.0,12100000.0,100.0
96,2021,97,Stand by Me,11900000.0,0.0,0.0,11900000.0,100.0
97,2021,98,The Stronghold,11849700.0,0.0,0.0,11849700.0,100.0
98,2021,99,The Fable: The Killer Who Doesn't Kill,11325545.0,0.0,0.0,11325545.0,100.0
99,2021,100,The Night House,10842085.0,6809452.0,62.8,4032633.0,37.2
100,2020,1,The Eight Hundred,461421559.0,372755.0,0.1,461048804.0,99.9
101,2020,2,Demon Slayer: Mugen Train,452974619.0,47700000.0,10.5,405274619.0,89.5
102,2020,3,Bad Boys for Life,426505244.0,206305244.0,48.4,220200000.0,51.6
103,2020,4,"My People, My Homeland",422390820.0,0.0,0.0,422390820.0,100.0
104,2020,5,Tenet,363656624.0,58456624.0,16.1,305200000.0,83.9
105,2020,6,Sonic the Hedgehog,319715683.0,148974665.0,46.6,170741018.0,53.4
106,2020,7,Dolittle,245461797.0,77047065.0,31.4,168414732.0,68.6
107,2020,8,Legend of Deification,240663149.0,214670.0,0.1,240448479.0,99.9
108,2020,9,A Little Red Flower,216000000.0,0.0,0.0,216000000.0,100.0
109,2020,10,The Croods: A New Age,215905815.0,58568815.0,27.1,157337000.0,72.9
110,2020,11,Birds of Prey,201858461.0,84158461.0,41.7,117700000.0,58.3
111,2020,12,Shock Wave 2,198921659.0,0.0,0.0,198921659.0,100.0
112,2020,13,Wonder Woman 1984,166534027.0,46534027.0,27.9,120000000.0,72.1
113,2020,14,The Sacrifice,161047608.0,0.0,0.0,161047608.0,100.0
114,2020,15,The Invisible Man,143151000.0,70410000.0,49.2,72741000.0,50.8
115,2020,16,Onward,141934191.0,61555145.0,43.4,80379046.0,56.6
116,2020,17,Warm Hug,129240236.0,0.0,0.0,129240236.0,100.0
117,2020,18,Soul,120957731.0,0.0,0.0,120957731.0,100.0
118,2020,19,The Call of the Wild,111105497.0,62342368.0,56.1,48763129.0,43.9
119,2020,20,Caught in Time,80543319.0,0.0,0.0,80543319.0,100.0
120,2020,21,The Yin-Yang Master: Dream of Eternity,68000000.0,0.0,0.0,68000000.0,100.0
121,2020,22,Mulan,66800000.0,0.0,0.0,66800000.0,100.0
122,2020,23,Stand by Me Doraemon 2,65066630.0,0.0,0.0,65066630.0,100.0
123,2020,24,The Rescue,64042765.0,18797.0,0.1,64023968.0,100.0
124,2020,25,Love You Forever,60670799.0,0.0,0.0,60670799.0,100.0
125,2020,26,Greenland,52300000.0,0.0,0.0,52300000.0,100.0
126,2020,27,Tolo Tolo,52186426.0,0.0,0.0,52186426.0,100.0
127,2020,28,Vanguard,50814965.0,793525.0,1.6,50021440.0,98.4
128,2020,29,The New Mutants,49169594.0,23852659.0,48.5,25316935.0,51.5
129,2020,30,Fantasy Island,48811343.0,27309289.0,55.9,21502054.0,44.1
130,2020,31,After We Collided,47990414.0,2386483.0,5.0,45603931.0,95.0
131,2020,32,"From Today, It's My Turn: The Movie",47866854.0,0.0,0.0,47866854.0,100.0
132,2020,33,Trolls World Tour,47217101.0,0.0,0.0,47217101.0,100.0
133,2020,34,Tanhaji: The Unsung Warrior,45221814.0,0.0,0.0,45221814.0,100.0
134,2020,35,Unhinged,44331465.0,20831465.0,47.0,23500000.0,53.0
135,2020,36,The End of Endless Love,43950000.0,0.0,0.0,43950000.0,100.0
136,2020,37,Train to Busan Presents: Peninsula,42698327.0,1231407.0,2.9,41466920.0,97.1
137,2020,38,Monster Hunter,42145959.0,15162470.0,36.0,26983489.0,64.0
138,2020,39,Underwater,40882928.0,17291078.0,42.3,23591850.0,57.7
139,2020,40,The War with Grandpa,40743350.0,21277892.0,52.2,19465458.0,47.8
140,2020,41,Sarileru Neekevvaru,37389889.0,821000.0,2.2,36568889.0,97.8
141,2020,42,New Interpretation Records of the Three Kingdoms,36747486.0,0.0,0.0,36747486.0,100.0
142,2020,43,The Confidence Man JP: Princess,36109913.0,0.0,0.0,36109913.0,100.0
143,2020,44,The Man Standing Next,34664900.0,113527.0,0.3,34551373.0,99.7
144,2020,45,My Mom is a Character 3,34360029.0,0.0,0.0,34360029.0,100.0
145,2020,46,Doraemon the Movie: Nobita's New Dinosaur,33942341.0,0.0,0.0,33942341.0,100.0
146,2020,47,Deliver Us from Evil,33718703.0,0.0,0.0,33718703.0,100.0
147,2020,48,Bloodshot,33542457.0,12561824.0,37.5,20980633.0,62.5
148,2020,49,Harry Potter and the Sorcerer's Stone 2020 Re-release,31501815.0,0.0,0.0,31501815.0,100.0
149,2020,50,Honest Thief,31354158.0,14163574.0,45.2,17190584.0,54.8
150,2020,51,Like a Boss,30399490.0,22169514.0,72.9,8229976.0,27.1
151,2020,52,Bath Buddy,28700000.0,0.0,0.0,28700000.0,100.0
152,2020,53,Ala Vaikunthapurramuloo,28477890.0,0.0,0.0,28477890.0,100.0
153,2020,54,The Witches,26900000.0,0.0,0.0,26900000.0,100.0
154,2020,55,Emma.,26400964.0,10055355.0,38.1,16345609.0,61.9
155,2020,56,Leap,25818882.0,83074.0,0.3,25735808.0,99.7
156,2020,57,Scoob!,25750000.0,850000.0,3.3,24900000.0,96.7
157,2020,58,Interstellar 2020 Re-release,23771122.0,0.0,0.0,23771122.0,100.0
158,2020,59,The Father,22577412.0,2122771.0,9.4,20454641.0,90.6
159,2020,60,Gretel & Hansel,22051055.0,15347654.0,69.6,6703401.0,30.4
160,2020,61,Poupelle of Chimney Town,21824592.0,0.0,0.0,21824592.0,100.0
161,2020,62,Stigmatized Properties,21276720.0,0.0,0.0,21276720.0,100.0
162,2020,63,The Photograph,20690779.0,20578185.0,99.5,112594.0,0.5
163,2020,64,Yarn,20444185.0,0.0,0.0,20444185.0,100.0
164,2020,65,Violet Evergarden: The Movie,20339624.0,0.0,0.0,20339624.0,100.0
165,2020,66,Brahms: The Boy II,20311536.0,12611536.0,62.1,7700000.0,37.9
166,2020,67,Ice 2,19788995.0,0.0,0.0,19788995.0,100.0
167,2020,68,Soul Snatcher,19561221.0,0.0,0.0,19561221.0,100.0
168,2020,69,Pokémon the Movie: Secrets of the Jungle,19452056.0,0.0,0.0,19452056.0,100.0
169,2020,70,The Turning,19428853.0,15472775.0,79.6,3956078.0,20.4
170,2020,71,Fate/Stay Night: Heaven's Feel - III. Spring Song,19252497.0,200000.0,1.0,19052497.0,99.0
171,2020,72,Takizawa Enbujo Zero,18091395.0,0.0,0.0,18091395.0,100.0
172,2020,73,The Promised Neverland,17698106.0,0.0,0.0,17698106.0,100.0
173,2020,74,Kaiji: Final Game,17645779.0,0.0,0.0,17645779.0,100.0
174,2020,75,Hitman: Agent Jun,17601351.0,0.0,0.0,17601351.0,100.0
175,2020,76,Promising Young Woman,17121281.0,6460965.0,37.7,10660316.0,62.3
176,2020,77,Digimon Adventure: Last Evolution Kizuna,17068434.0,0.0,0.0,17068434.0,100.0
177,2020,78,Bye Bye Morons,16833025.0,0.0,0.0,16833025.0,100.0
178,2020,79,Baaghi 3,16726510.0,721439.0,4.3,16005071.0,95.7
179,2020,80,I Still Believe,16060123.0,9868521.0,61.4,6191602.0,38.6
180,2020,81,Freaky,15920855.0,9030855.0,56.7,6890000.0,43.3
181,2020,82,Padre no hay más que uno 2: La llegada de la suegra,15373181.0,0.0,0.0,15373181.0,100.0
182,2020,83,The Way Back,14690514.0,13590514.0,92.5,1100000.0,7.5
183,2020,84,The Personal History of David Copperfield,14399270.0,1876298.0,13.0,12522972.0,87.0
184,2020,85,Nightlife,14308789.0,0.0,0.0,14308789.0,100.0
185,2020,86,Pawn,14193957.0,0.0,0.0,14193957.0,100.0
186,2020,87,#Alive,13432212.0,0.0,0.0,13432212.0,100.0
187,2020,88,Howling Village,13394556.0,0.0,0.0,13394556.0,100.0
188,2020,89,Come Play,13175457.0,10475990.0,79.5,2699467.0,20.5
189,2020,90,Samjin Company English Class,12761386.0,0.0,0.0,12761386.0,100.0
190,2020,91,News of the World,12668325.0,12668325.0,100.0,0.0,0.0
191,2020,92,Collectors,12640113.0,0.0,0.0,12640113.0,100.0
192,2020,93,Ducobu 3,12157793.0,0.0,0.0,12157793.0,100.0
193,2020,94,Legend No. 17,11811335.0,0.0,0.0,11811335.0,100.0
194,2020,95,Wotakoi: Love Is Hard for Otaku,11702371.0,0.0,0.0,11702371.0,100.0
195,2020,96,Let Him Go,11630934.0,9358025.0,80.5,2272909.0,19.5
196,2020,97,The Hunt,11473631.0,5812500.0,50.7,5661131.0,49.3
197,2020,98,The Voice of Sin,10983063.0,0.0,0.0,10983063.0,100.0
198,2020,99,30 jours max,10926765.0,0.0,0.0,10926765.0,100.0
199,2020,100,Another Round,10853077.0,0.0,0.0,10853077.0,100.0
200,2019,1,Avengers: Endgame,2797501328.0,858373000.0,30.7,1939128328.0,69.3
201,2019,2,The Lion King,1656943394.0,543638043.0,32.8,1113305351.0,67.2
202,2019,3,Frozen II,1450026933.0,477373578.0,32.9,972653355.0,67.1
203,2019,4,Spider-Man: Far from Home,1131927996.0,390532085.0,34.5,741395911.0,65.5
204,2019,5,Captain Marvel,1128274794.0,426829839.0,37.8,701444955.0,62.2
205,2019,6,Joker,1074251311.0,335451311.0,31.2,738800000.0,68.8
206,2019,7,Star Wars: Episode IX - The Rise of Skywalker,1074144248.0,515202542.0,48.0,558941706.0,52.0
207,2019,8,Toy Story 4,1073394593.0,434038008.0,40.4,639356585.0,59.6
208,2019,9,Aladdin,1050693953.0,355559216.0,33.8,695134737.0,66.2
209,2019,10,Jumanji: The Next Level,800059707.0,320314960.0,40.0,479744747.0,60.0
210,2019,11,Fast & Furious Presents: Hobbs & Shaw,759056935.0,173956935.0,22.9,585100000.0,77.1
211,2019,12,Ne Zha,726063471.0,3695533.0,0.5,722367938.0,99.5
212,2019,13,The Wandering Earth,699856699.0,5971413.0,0.9,693885286.0,99.1
213,2019,14,How to Train Your Dragon: The Hidden World,521799505.0,160799505.0,30.8,361000000.0,69.2
214,2019,15,Maleficent: Mistress of Evil,491730089.0,113929605.0,23.2,377800484.0,76.8
215,2019,16,It Chapter Two,473093228.0,211593228.0,44.7,261500000.0,55.3
216,2019,17,"My People, My Country",450064993.0,2356683.0,0.5,447708310.0,99.5
217,2019,18,Pokémon Detective Pikachu,433005346.0,144105346.0,33.3,288900000.0,66.7
218,2019,19,The Secret Life of Pets 2,430051293.0,158874395.0,36.9,271176898.0,63.1
219,2019,20,The Captain,417282021.0,706572.0,0.2,416575449.0,99.8
220,2019,21,Alita: Battle Angel,404980543.0,85838210.0,21.2,319142333.0,78.8
221,2019,22,Godzilla: King of the Monsters,386600138.0,110500138.0,28.6,276100000.0,71.4
222,2019,23,1917,384983987.0,159227644.0,41.4,225756343.0,58.6
223,2019,24,Once Upon a Time... In Hollywood,374375059.0,142502728.0,38.1,231872331.0,61.9
224,2019,25,Shazam!,365971656.0,140371656.0,38.4,225600000.0,61.6
225,2019,26,Dumbo,353284621.0,114766307.0,32.5,238518314.0,67.5
226,2019,27,Crazy Alien,327598891.0,0.0,0.0,327598891.0,100.0
227,2019,28,John Wick: Chapter 3 - Parabellum,326709727.0,171015687.0,52.3,155694040.0,47.7
228,2019,29,Knives Out,311605581.0,165363234.0,53.1,146242347.0,46.9
229,2019,30,Terminator: Dark Fate,261119292.0,62253077.0,23.8,198866215.0,76.2
230,2019,31,Parasite,258633992.0,53369749.0,20.6,205264243.0,79.4
231,2019,32,Pegasus,255863112.0,0.0,0.0,255863112.0,100.0
232,2019,33,Us,255184580.0,175084580.0,68.6,80100000.0,31.4
233,2019,34,Men in Black: International,253890701.0,80001807.0,31.5,173888894.0,68.5
234,2019,35,X-Men: Dark Phoenix,252442974.0,65845974.0,26.1,186597000.0,73.9
235,2019,36,Glass,246999039.0,111048468.0,45.0,135950571.0,55.0
236,2019,37,The Bravest,245179562.0,290217.0,0.1,244889345.0,99.9
237,2019,38,Annabelle Comes Home,231252591.0,74152591.0,32.1,157100000.0,67.9
238,2019,39,Better Days,225918798.0,1921657.0,0.9,223997141.0,99.1
239,2019,40,Ford v Ferrari,225508210.0,117624357.0,52.2,107883853.0,47.8
240,2019,41,Little Women,216601214.0,108101214.0,49.9,108500000.0,50.1
241,2019,42,The Addams Family,203044905.0,100044905.0,49.3,103000000.0,50.7
242,2019,43,Rocketman,195179299.0,96368160.0,49.4,98811139.0,50.6
243,2019,44,Weathering with You,193957273.0,8056636.0,4.2,185900637.0,95.8
244,2019,45,Downton Abbey,193820755.0,96854135.0,50.0,96966620.0,50.0
245,2019,46,The Lego Movie 2: The Second Part,192306508.0,105806508.0,55.0,86500000.0,45.0
246,2019,47,Sheep Without a Shepherd,191602146.0,0.0,0.0,191602146.0,100.0
247,2019,48,The White Storm 2: Drug Lords,189396380.0,609461.0,0.3,188786919.0,99.7
248,2019,49,Abominable,179053956.0,60716390.0,33.9,118337566.0,66.1
249,2019,50,Ip Man 4: The Finale,176345966.0,3956031.0,2.2,172389935.0,97.8
250,2019,51,Gemini Man,173469516.0,48546770.0,28.0,124922746.0,72.0
251,2019,52,Spies in Disguise,171616764.0,66757013.0,38.9,104859751.0,61.1
252,2019,53,Hustlers,157563598.0,104963598.0,66.6,52600000.0,33.4
253,2019,54,The Climbers,156892866.0,487157.0,0.3,156405709.0,99.7
254,2019,55,Escape Room,155712077.0,57005601.0,36.6,98706476.0,63.4
255,2019,56,Yesterday,154608507.0,73286650.0,47.4,81321857.0,52.6
256,2019,57,The Angry Birds Movie 2,147792047.0,41667116.0,28.2,106124931.0,71.8
257,2019,58,Angel Has Fallen,146661977.0,69030436.0,47.1,77631541.0,52.9
258,2019,59,Ad Astra,127461872.0,50188370.0,39.4,77273502.0,60.6
259,2019,60,Midway,127420861.0,56846802.0,44.6,70574059.0,55.4
260,2019,61,The Upside,125852517.0,108252517.0,86.0,17600000.0,14.0
261,2019,62,The Curse of La Llorona,123133739.0,54733739.0,44.5,68400000.0,55.5
262,2019,63,Looking Up,122994583.0,84267.0,0.1,122910316.0,99.9
263,2019,64,Zombieland: Double Tap,122810399.0,73123082.0,59.5,49687317.0,40.5
264,2019,65,Last Christmas,121550750.0,35150750.0,28.9,86400000.0,71.1
265,2019,66,Extreme Job,119932733.0,1565885.0,1.3,118366848.0,98.7
266,2019,67,Dora and the Lost City of Gold,119682635.0,60477943.0,50.5,59204692.0,49.5
267,2019,68,Wonder Park,119559110.0,45216793.0,37.8,74342317.0,62.2
268,2019,69,P Storm,117991727.0,326711.0,0.3,117665016.0,99.7
269,2019,70,Detective Conan: The Fist of Blue Sapphire,115570314.0,0.0,0.0,115570314.0,100.0
270,2019,71,The Gentlemen,115171795.0,36471795.0,31.7,78700000.0,68.3
271,2019,72,Pet Sematary,113118226.0,54724696.0,48.4,58393530.0,51.6
272,2019,73,Boonie Bears: Blast Into the Past,112367881.0,0.0,0.0,112367881.0,100.0
273,2019,74,Good Boys,111037232.0,83140306.0,74.9,27896926.0,25.1
274,2019,75,Scary Stories to Tell in the Dark,104545505.0,68947075.0,65.9,35598430.0,34.1
275,2019,76,Line Walker 2: Invisible Spy,99482027.0,296751.0,0.3,99185276.0,99.7
276,2019,77,The New King of Comedy,95618308.0,0.0,0.0,95618308.0,100.0
277,2019,78,The Hustle,95017038.0,35417038.0,37.3,59600000.0,62.7
278,2019,79,Adoring,94975692.0,0.0,0.0,94975692.0,100.0
279,2019,80,Crawl,91542097.0,39014193.0,42.6,52527904.0,57.4
280,2019,81,Five Feet Apart,91522094.0,45729221.0,50.0,45792873.0,50.0
281,2019,82,Rambo: Last Blood,91490353.0,44819352.0,49.0,46671001.0,51.0
282,2019,83,Jojo Rabbit,90335025.0,33370906.0,36.9,56964119.0,63.1
283,2019,84,One Piece: Stampede,81562741.0,1298528.0,1.6,80264213.0,98.4
284,2019,85,A Dog's Way Home,80708134.0,42004346.0,52.0,38703788.0,48.0
285,2019,86,Cold Pursuit,76419755.0,32138862.0,42.1,44280893.0,57.9
286,2019,87,A Dog's Journey,75741734.0,22782371.0,30.1,52959363.0,69.9
287,2019,88,A Madea Family Funeral,74747725.0,73257045.0,98.0,1490680.0,2.0
288,2019,89,Cats,73833415.0,27166770.0,36.8,46666645.0,63.2
289,2019,90,Charlie's Angels,73279888.0,17803077.0,24.3,55476811.0,75.7
290,2019,91,Serial (Bad) Weddings 2,72464131.0,0.0,0.0,72464131.0,100.0
291,2019,92,Doctor Sleep,72381712.0,31581712.0,43.6,40800000.0,56.4
292,2019,93,What Men Want,72216294.0,54611903.0,75.6,17604391.0,24.4
293,2019,94,After,69518232.0,12138565.0,17.5,57379667.0,82.5
294,2019,95,Exit,69501772.0,470699.0,0.7,69031073.0,99.3
295,2019,96,Playing with Fire,69412425.0,44451847.0,64.0,24960578.0,36.0
296,2019,97,A Beautiful Day in the Neighborhood,67760877.0,61704055.0,91.1,6056822.0,8.9
297,2019,98,War,67179155.0,4654000.0,6.9,62525155.0,93.1
298,2019,99,Eiga Doraemon: Nobita no getsumen tansaki,65406606.0,0.0,0.0,65406606.0,100.0
299,2019,100,Happy Death Day 2U,64600152.0,28148130.0,43.6,36452022.0,56.4
300,2018,1,Avengers: Infinity War,2048359754.0,678815482.0,33.1,1369544272.0,66.9
301,2018,2,Black Panther,1346913161.0,700059566.0,52.0,646853595.0,48.0
302,2018,3,Jurassic World: Fallen Kingdom,1308467944.0,417719760.0,31.9,890748184.0,68.1
303,2018,4,Incredibles 2,1242805359.0,608581744.0,49.0,634223615.0,51.0
304,2018,5,Aquaman,1148461807.0,335061807.0,29.2,813400000.0,70.8
305,2018,6,Bohemian Rhapsody,903655259.0,216428042.0,24.0,687227217.0,76.0
306,2018,7,Venom,856085151.0,213515506.0,24.9,642569645.0,75.1
307,2018,8,Mission: Impossible - Fallout,791115104.0,220159104.0,27.8,570956000.0,72.2
308,2018,9,Deadpool 2,734546611.0,318491426.0,43.4,416055185.0,56.6
309,2018,10,Fantastic Beasts: The Crimes of Grindelwald,654855901.0,159555901.0,24.4,495300000.0,75.6
310,2018,11,Ant-Man and the Wasp,622674139.0,216648740.0,34.8,406025399.0,65.2
311,2018,12,Ready Player One,582890172.0,137690172.0,23.6,445200000.0,76.4
312,2018,13,Operation Red Sea,579330426.0,1543547.0,0.3,577786879.0,99.7
313,2018,14,Detective Chinatown 2,544185156.0,1983984.0,0.4,542201172.0,99.6
314,2018,15,The Meg,530243742.0,145443742.0,27.4,384800000.0,72.6
315,2018,16,Ralph Breaks the Internet,529323962.0,201091711.0,38.0,328232251.0,62.0
316,2018,17,Hotel Transylvania 3: Summer Vacation,528583774.0,167510016.0,31.7,361073758.0,68.3
317,2018,18,The Grinch,511595957.0,270620950.0,52.9,240975007.0,47.1
318,2018,19,Bumblebee,467989645.0,127195589.0,27.2,340794056.0,72.8
319,2018,20,Dying to Survive,451176639.0,0.0,0.0,451176639.0,100.0
320,2018,21,A Star Is Born,436188866.0,215288866.0,49.4,220900000.0,50.6
321,2018,22,Rampage,428028233.0,101028233.0,23.6,327000000.0,76.4
322,2018,23,Mamma Mia! Here We Go Again,395044706.0,120634935.0,30.5,274409771.0,69.5
323,2018,24,Solo: A Star Wars Story,392924807.0,213767512.0,54.4,179157295.0,45.6
324,2018,25,Spider-Man: Into the Spider-Verse,375540831.0,190241310.0,50.7,185299521.0,49.3
325,2018,26,Fifty Shades Freed,371985018.0,100407760.0,27.0,271577258.0,73.0
326,2018,27,Hello Mr. Billionaire,366961907.0,0.0,0.0,366961907.0,100.0
327,2018,28,The Nun,365550119.0,117450119.0,32.1,248100000.0,67.9
328,2018,29,Monster Hunt 2,361682618.0,706153.0,0.2,360976465.0,99.8
329,2018,30,Peter Rabbit,351266433.0,115253424.0,32.8,236013009.0,67.2
330,2018,31,Mary Poppins Returns,349537494.0,171958438.0,49.2,177579056.0,50.8
331,2018,32,A Quiet Place,340939361.0,188024361.0,55.1,152915000.0,44.9
332,2018,33,Green Book,321752656.0,85080171.0,26.4,236672485.0,73.6
333,2018,34,Skyscraper,304868961.0,68420120.0,22.4,236448841.0,77.6
334,2018,35,Ocean's Eight,297718711.0,140218711.0,47.1,157500000.0,52.9
335,2018,36,Pacific Rim: Uprising,290930148.0,59874525.0,20.6,231055623.0,79.4
336,2018,37,Maze Runner: The Death Cure,288175335.0,58032443.0,20.1,230142892.0,79.9
337,2018,38,Tomb Raider,274650803.0,58250803.0,21.2,216400000.0,78.8
338,2018,39,Halloween,255485178.0,159342015.0,62.4,96143163.0,37.6
339,2018,40,Crazy Rich Asians,238532921.0,174532921.0,73.2,64000000.0,26.8
340,2018,41,Creed II,214215889.0,115715889.0,54.0,98500000.0,46.0
341,2018,42,Smallfoot,214040103.0,83240103.0,38.9,130800000.0,61.1
342,2018,43,Us and Them,209221380.0,0.0,0.0,209221380.0,100.0
343,2018,44,The Island,198326350.0,670883.0,0.3,197655467.0,99.7
344,2018,45,Christopher Robin,197744377.0,99215042.0,50.2,98529335.0,49.8
345,2018,46,The Equalizer 2,190400157.0,102084362.0,53.6,88315795.0,46.4
346,2018,47,Project Gutenberg,188116796.0,0.0,0.0,188116796.0,100.0
347,2018,48,The Mule,174804407.0,103804407.0,59.4,71000000.0,40.6
348,2018,49,The Nutcracker and the Four Realms,173961069.0,54858851.0,31.5,119102218.0,68.5
349,2018,50,Insidious: The Last Key,167885588.0,67745330.0,40.4,100140258.0,59.6
350,2018,51,The Predator,160542134.0,51024708.0,31.8,109517426.0,68.2
351,2018,52,Johnny English Strikes Again,158970776.0,4412170.0,2.8,154558606.0,97.2
352,2018,53,Red Sparrow,151572634.0,46874505.0,30.9,104698129.0,69.1
353,2018,54,More Than Blue,142958164.0,722669.0,0.5,142235495.0,99.5
354,2018,55,The First Purge,137056262.0,69488745.0,50.7,67567517.0,49.3
355,2018,56,How Long Will I Love U,136796719.0,746933.0,0.5,136049786.0,99.5
356,2018,57,A Wrinkle in Time,132675864.0,100478608.0,75.7,32197256.0,24.3
357,2018,58,The House with a Clock in Its Walls,131457147.0,68549695.0,52.1,62907452.0,47.9
358,2018,59,Instant Family,120556201.0,67363237.0,55.9,53192964.0,44.1
359,2018,60,A Cool Fish,118153135.0,551876.0,0.5,117601259.0,99.5
360,2018,61,Game Night,117679066.0,69179066.0,58.8,48500000.0,41.2
361,2018,62,Dragon Ball Super: Broly,115757940.0,30712119.0,26.5,85045821.0,73.5
362,2018,63,The Monkey King 3,115084576.0,187074.0,0.2,114897502.0,99.8
363,2018,64,First Man,105697415.0,44936545.0,42.5,60760870.0,57.5
364,2018,65,Book Club,104438188.0,68566296.0,65.7,35871892.0,34.3
365,2018,66,Night School,103105878.0,77339130.0,75.0,25766748.0,25.0
366,2018,67,Detective Conan: Zero the Enforcer,101860359.0,0.0,0.0,101860359.0,100.0
367,2018,68,Alpha,98203196.0,35857181.0,36.5,62346015.0,63.5
368,2018,69,Along With the Gods: The Last 49 Days,97962238.0,1200246.0,1.2,96761992.0,98.8
369,2018,70,A Simple Favor,97644617.0,53548586.0,54.8,44096031.0,45.2
370,2018,71,Boonie Bears 5,96820519.0,0.0,0.0,96820519.0,100.0
371,2018,72,The Favourite,95918706.0,34366783.0,35.8,61551923.0,64.2
372,2018,73,Truth or Dare,95330493.0,41411015.0,43.4,53919478.0,56.6
373,2018,74,Kill Mobile,94870905.0,0.0,0.0,94870905.0,100.0
374,2018,75,I Feel Pretty,94539426.0,48795601.0,51.6,45743825.0,48.4
375,2018,76,Blockers,94017294.0,60311495.0,64.1,33705799.0,35.9
376,2018,77,BlacKkKlansman,93400823.0,49275340.0,52.8,44125483.0,47.2
377,2018,78,Goosebumps 2: Haunted Halloween,93320380.0,46700633.0,50.0,46619747.0,50.0
378,2018,79,Shadow,91708374.0,521396.0,0.6,91186978.0,99.4
379,2018,80,Overboard,91244913.0,50316123.0,55.1,40928790.0,44.9
380,2018,81,Sherlock Gnomes,90497778.0,43242871.0,47.8,47254907.0,52.2
381,2018,82,Detective Dee: The Four Heavenly Kings,90040771.0,262963.0,0.3,89777808.0,99.7
382,2018,83,"Hello, Mrs. Money",86874070.0,0.0,0.0,86874070.0,100.0
383,2018,84,Robin Hood,86489031.0,30824628.0,35.6,55664403.0,64.4
384,2018,85,I Can Only Imagine,86086881.0,83482352.0,97.0,2604529.0,3.0
385,2018,86,Hidden Man,85170581.0,0.0,0.0,85170581.0,100.0
386,2018,87,Mortal Engines,83672673.0,15951040.0,19.1,67721633.0,80.9
387,2018,88,iPartment the Movie,81096321.0,0.0,0.0,81096321.0,100.0
388,2018,89,Doraemon the Movie: Nobita's Treasure Island,80920916.0,0.0,0.0,80920916.0,100.0
389,2018,90,Den of Thieves,80509622.0,44947622.0,55.8,35562000.0,44.2
390,2018,91,Hereditary,80200936.0,44069456.0,54.9,36131480.0,45.1
391,2018,92,Code Blue: The Movie,78778562.0,0.0,0.0,78778562.0,100.0
392,2018,93,Tag,78130625.0,54730625.0,70.1,23400000.0,29.9
393,2018,94,Sanju,76693052.0,7909317.0,10.3,68783735.0,89.7
394,2018,95,Vice,76073488.0,47836282.0,62.9,28237206.0,37.1
395,2018,96,Widows,75984700.0,42402632.0,55.8,33582068.0,44.2
396,2018,97,Sicario: Day of the Soldado,75837743.0,50072235.0,66.0,25765508.0,34.0
397,2018,98,Searching,75462037.0,26020957.0,34.5,49441080.0,65.5
398,2018,99,The Spy Who Dumped Me,75320680.0,33562069.0,44.6,41758611.0,55.4
399,2018,100,Animal World,74922830.0,0.0,0.0,74922830.0,100.0
400,2017,1,Star Wars: Episode VIII - The Last Jedi,1332539889.0,620181382.0,46.5,712358507.0,53.5
401,2017,2,Beauty and the Beast,1263521126.0,504014165.0,39.9,759506961.0,60.1
402,2017,3,The Fate of the Furious,1236005118.0,226008385.0,18.3,1009996733.0,81.7
403,2017,4,Despicable Me 3,1034799409.0,264624300.0,25.6,770175109.0,74.4
404,2017,5,Jumanji: Welcome to the Jungle,962077546.0,404515480.0,42.0,557562066.0,58.0
405,2017,6,Spider-Man: Homecoming,880166924.0,334201140.0,38.0,545965784.0,62.0
406,2017,7,Wolf Warrior 2,870325439.0,2721100.0,0.3,867604339.0,99.7
407,2017,8,Guardians of the Galaxy Vol. 2,863756051.0,389813101.0,45.1,473942950.0,54.9
408,2017,9,Thor: Ragnarok,853977126.0,315058289.0,36.9,538918837.0,63.1
409,2017,10,Wonder Woman,821847012.0,412563408.0,50.2,409283604.0,49.8
410,2017,11,Coco,807816196.0,210460015.0,26.1,597356181.0,73.9
411,2017,12,Pirates of the Caribbean: Dead Men Tell No Tales,794861794.0,172558876.0,21.7,622302918.0,78.3
412,2017,13,It,700381748.0,327481748.0,46.8,372900000.0,53.2
413,2017,14,Justice League,657924295.0,229024295.0,34.8,428900000.0,65.2
414,2017,15,Logan,619021436.0,226277068.0,36.6,392744368.0,63.4
415,2017,16,Transformers: The Last Knight,605425157.0,130168683.0,21.5,475256474.0,78.5
416,2017,17,Kong: Skull Island,566652812.0,168052812.0,29.7,398600000.0,70.3
417,2017,18,The Boss Baby,527965936.0,175003033.0,33.1,352962903.0,66.9
418,2017,19,Dunkirk,525245546.0,188045546.0,35.8,337200000.0,64.2
419,2017,20,War for the Planet of the Apes,490719763.0,146880162.0,29.9,343839601.0,70.1
420,2017,21,The Greatest Showman,434993183.0,174340174.0,40.1,260653009.0,59.9
421,2017,22,Kingsman: The Golden Circle,410902662.0,100234838.0,24.4,310667824.0,75.6
422,2017,23,The Mummy,409231607.0,80227895.0,19.6,329003712.0,80.4
423,2017,24,Cars 3,383930656.0,152901115.0,39.8,231029541.0,60.2
424,2017,25,Fifty Shades Darker,381545846.0,114581250.0,30.0,266964596.0,70.0
425,2017,26,Murder on the Orient Express,352789811.0,102826543.0,29.1,249963268.0,70.9
426,2017,27,xXx: Return of Xander Cage,346118277.0,44898413.0,13.0,301219864.0,87.0
427,2017,28,Never Say Die,334530869.0,0.0,0.0,334530869.0,100.0
428,2017,29,The Lego Batman Movie,311950384.0,175750384.0,56.3,136200000.0,43.7
429,2017,30,The Ex-File 3: The Return of The Exes,307592427.0,838959.0,0.3,306753468.0,99.7
430,2017,31,Annabelle: Creation,306515884.0,102092201.0,33.3,204423683.0,66.7
431,2017,32,Wonder,305937718.0,132422809.0,43.3,173514909.0,56.7
432,2017,33,Ferdinand,296069199.0,84410380.0,28.5,211658819.0,71.5
433,2017,34,Split,278454358.0,138291365.0,49.7,140162993.0,50.3
434,2017,35,Blade Runner 2049,259239658.0,92054159.0,35.5,167185499.0,64.5
435,2017,36,Kung Fu Yoga,257743016.0,362657.0,0.1,257380359.0,99.9
436,2017,37,Get Out,255407969.0,176040665.0,68.9,79367304.0,31.1
437,2017,38,Baahubali 2: The Conclusion,254158390.0,20186659.0,7.9,233971731.0,92.1
438,2017,39,Journey to the West: The Demons Strike Back,247585244.0,880346.0,0.4,246704898.0,99.6
439,2017,40,Alien: Covenant,240891763.0,74262031.0,30.8,166629732.0,69.2
440,2017,41,Paddington 2,227978523.0,40891591.0,17.9,187086932.0,82.1
441,2017,42,Youth,227091290.0,1891956.0,0.8,225199334.0,99.2
442,2017,43,Baby Driver,226945087.0,107825862.0,47.5,119119225.0,52.5
443,2017,44,Valerian and the City of a Thousand Planets,225874228.0,41189488.0,18.2,184684740.0,81.8
444,2017,45,Geostorm,221600160.0,33700160.0,15.2,187900000.0,84.8
445,2017,46,The Emoji Movie,217776646.0,86089513.0,39.5,131687133.0,60.5
446,2017,47,A Dog's Purpose,205035819.0,64508620.0,31.5,140527199.0,68.5
447,2017,48,Smurfs: The Lost Village,197183546.0,45020282.0,22.8,152163264.0,77.2
448,2017,49,The Shape of Water,195333312.0,63859435.0,32.7,131473877.0,67.3
449,2017,50,Pitch Perfect 3,185400345.0,104897530.0,56.6,80502815.0,43.4
450,2017,51,Daddy's Home 2,180613180.0,104029443.0,57.6,76583737.0,42.4
451,2017,52,The Post,179769457.0,81903458.0,45.6,97865999.0,54.4
452,2017,53,Baywatch,177856751.0,58060186.0,32.6,119796565.0,67.4
453,2017,54,The Hitman's Bodyguard,176586701.0,75468583.0,42.7,101118118.0,57.3
454,2017,55,John Wick: Chapter 2,171539887.0,92029184.0,53.6,79510703.0,46.4
455,2017,56,Ghost in the Shell,169801921.0,40563557.0,23.9,129238364.0,76.1
456,2017,57,"Three Billboards Outside Ebbing, Missouri",160192031.0,54513740.0,34.0,105678291.0,66.0
457,2017,58,Duckweed,152894264.0,471575.0,0.3,152422689.0,99.7
458,2017,59,Darkest Hour,150847207.0,56468410.0,37.4,94378797.0,62.6
459,2017,60,King Arthur: Legend of the Sword,148675066.0,39175066.0,26.3,109500000.0,73.7
460,2017,61,The Foreigner,145374099.0,34393507.0,23.7,110980592.0,76.3
461,2017,62,Power Rangers,142337240.0,85364450.0,60.0,56972790.0,40.0
462,2017,63,Girls Trip,140552359.0,115171585.0,81.9,25380774.0,18.1
463,2017,64,American Made,134866593.0,51342000.0,38.1,83524593.0,61.9
464,2017,65,A Bad Moms Christmas,130560428.0,72110659.0,55.2,58449769.0,44.8
465,2017,66,Happy Death Day,125479266.0,55683845.0,44.4,69795421.0,55.6
466,2017,67,Captain Underpants: The First Epic Movie,125427681.0,73921000.0,58.9,51506681.0,41.1
467,2017,68,The Lego Ninjago Movie,123081555.0,59281555.0,48.2,63800000.0,51.8
468,2017,69,Secret Superstar,122026260.0,0.0,0.0,122026260.0,100.0
469,2017,70,The Commuter,119942387.0,36343858.0,30.3,83598529.0,69.7
470,2017,71,Forever Young,119055731.0,0.0,0.0,119055731.0,100.0
471,2017,72,The Dark Tower,113231078.0,50701325.0,44.8,62529753.0,55.2
472,2017,73,Buddies in India,110155128.0,293194.0,0.3,109861934.0,99.7
473,2017,74,Along With the Gods: The Two Worlds,109383972.0,1908823.0,1.7,107475149.0,98.3
474,2017,75,The Tales of Wukong,103818506.0,0.0,0.0,103818506.0,100.0
475,2017,76,Jigsaw,102952888.0,38052832.0,37.0,64900056.0,63.0
476,2017,77,Life,100541806.0,30234022.0,30.1,70307784.0,69.9
477,2017,78,Atomic Blonde,100014025.0,51687870.0,51.7,48326155.0,48.3
478,2017,79,Legend of the Demon Cat,97051623.0,0.0,0.0,97051623.0,100.0
479,2017,80,The Shack,96942115.0,57386418.0,59.2,39555697.0,40.8
480,2017,81,Chasing the Dragon,87965942.0,456854.0,0.5,87509088.0,99.5
481,2017,82,Tiger Zinda Hai,87320000.0,5560921.0,6.4,81759079.0,93.6
482,2017,83,A Taxi Driver,86252940.0,1527829.0,1.8,84725111.0,98.2
483,2017,84,Going in Style,84918541.0,45018541.0,53.0,39900000.0,47.0
484,2017,85,Rings,83080890.0,27793018.0,33.5,55287872.0,66.5
485,2017,86,Once Upon A Time,82886178.0,485728.0,0.6,82400450.0,99.4
486,2017,87,Paradox,79226860.0,0.0,0.0,79226860.0,100.0
487,2017,88,Lady Bird,78965611.0,48958273.0,62.0,30007338.0,38.0
488,2017,89,Fantastica: A Boonie Bears Adventure,77151096.0,0.0,0.0,77151096.0,100.0
489,2017,90,The Nut Job 2: Nutty by Nature,68743485.0,28370522.0,41.3,40372963.0,58.7
490,2017,91,American Assassin,67234188.0,36249674.0,53.9,30984514.0,46.1
491,2017,92,Victoria & Abdul,66558465.0,22245070.0,33.4,44313395.0,66.6
492,2017,93,Suck Me Shakespeer 3,64236772.0,0.0,0.0,64236772.0,100.0
493,2017,94,Detective Conan: Crimson Love Letter,63144805.0,0.0,0.0,63144805.0,100.0
494,2017,95,The Mountain Between Us,62832209.0,30348555.0,48.3,32483654.0,51.7
495,2017,96,The Star,62812974.0,40852824.0,65.0,21960150.0,35.0
496,2017,97,How to Be a Latin Lover,62547032.0,32149404.0,51.4,30397628.0,48.6
497,2017,98,47 Meters Down,62187529.0,44307191.0,71.2,17880338.0,28.8
498,2017,99,"Everything, Everything",61621140.0,34121140.0,55.4,27500000.0,44.6
499,2017,100,Doraemon: Great Adventure in the Antarctic Kachi Kochi,61153455.0,0.0,0.0,61153455.0,100.0
500,2016,1,Captain America: Civil War,1153296293.0,408084349.0,35.4,745211944.0,64.6
501,2016,2,Rogue One: A Star Wars Story,1056057273.0,532177324.0,50.4,523879949.0,49.6
502,2016,3,Finding Dory,1028570889.0,486295561.0,47.3,542275328.0,52.7
503,2016,4,Zootopia,1023784195.0,341268248.0,33.3,682515947.0,66.7
504,2016,5,The Jungle Book,966550600.0,364001123.0,37.7,602549477.0,62.3
505,2016,6,The Secret Life of Pets,875457937.0,368384330.0,42.1,507073607.0,57.9
506,2016,7,Batman v Superman: Dawn of Justice,873634919.0,330360194.0,37.8,543274725.0,62.2
507,2016,8,Fantastic Beasts and Where to Find Them,814037575.0,234037575.0,28.8,580000000.0,71.2
508,2016,9,Deadpool,782612155.0,363070709.0,46.4,419541446.0,53.6
509,2016,10,Suicide Squad,746846894.0,325100054.0,43.5,421746840.0,56.5
510,2016,11,Doctor Strange,677718395.0,232641920.0,34.3,445076475.0,65.7
511,2016,12,Moana,643331111.0,248757044.0,38.7,394574067.0,61.3
512,2016,13,Sing,634151679.0,270395425.0,42.6,363756254.0,57.4
513,2016,14,Mei ren yu,553810228.0,3232685.0,0.6,550577543.0,99.4
514,2016,15,X-Men: Apocalypse,543934105.0,155442489.0,28.6,388491616.0,71.4
515,2016,16,Kung Fu Panda 3,521170825.0,143528619.0,27.5,377642206.0,72.5
516,2016,17,La La Land,447407695.0,151101803.0,33.8,296305892.0,66.2
517,2016,18,Warcraft,439048914.0,47365290.0,10.8,391683624.0,89.2
518,2016,19,Jason Bourne,415484914.0,162434410.0,39.1,253050504.0,60.9
519,2016,20,Ice Age: Collision Course,408579038.0,64063008.0,15.7,344516030.0,84.3
520,2016,21,Independence Day: Resurgence,389681935.0,103144286.0,26.5,286537649.0,73.5
521,2016,22,Your Name.,357986087.0,5017246.0,1.4,352968841.0,98.6
522,2016,23,The Legend of Tarzan,356700357.0,126643061.0,35.5,230057296.0,64.5
523,2016,24,The Angry Birds Movie,352333929.0,107509366.0,30.5,244824563.0,69.5
524,2016,25,Trolls,346864462.0,153707064.0,44.3,193157398.0,55.7
525,2016,26,Star Trek Beyond,343471816.0,158848340.0,46.2,184623476.0,53.8
526,2016,27,The Great Wall,334933831.0,45540830.0,13.6,289393001.0,86.4
527,2016,28,Now You See Me 2,334897606.0,65075540.0,19.4,269822066.0,80.6
528,2016,29,The Conjuring 2,320392818.0,102470008.0,32.0,217922810.0,68.0
529,2016,30,Resident Evil: The Final Chapter,312242626.0,26830068.0,8.6,285412558.0,91.4
530,2016,31,Dangal,303723636.0,12391761.0,4.1,291331875.0,95.9
531,2016,32,Passengers,303144152.0,100014699.0,33.0,203129453.0,67.0
532,2016,33,Alice Through the Looking Glass,299457024.0,77041381.0,25.7,222415643.0,74.3
533,2016,34,Miss Peregrine's Home for Peculiar Children,296482446.0,87242834.0,29.4,209239612.0,70.6
534,2016,35,Teenage Mutant Ninja Turtles 2: Out of the Shadows,245623848.0,82051601.0,33.4,163572247.0,66.6
535,2016,36,Sully,240797623.0,125070033.0,51.9,115727590.0,48.1
536,2016,37,Assassin's Creed,240697856.0,54647948.0,22.7,186049908.0,77.3
537,2016,38,Hidden Figures,235956898.0,169607287.0,71.9,66349611.0,28.1
538,2016,39,Ghostbusters,229147509.0,128350574.0,56.0,100796935.0,44.0
539,2016,40,Inferno,220021259.0,34343574.0,15.6,185677685.0,84.4
540,2016,41,Central Intelligence,216972543.0,127440871.0,58.7,89531672.0,41.3
541,2016,42,Bridget Jones's Baby,211952420.0,24252420.0,11.4,187700000.0,88.6
542,2016,43,Me Before You,208314186.0,56245075.0,27.0,152069111.0,73.0
543,2016,44,London Has Fallen,205754447.0,62524260.0,30.4,143230187.0,69.6
544,2016,45,Arrival,203388186.0,100546139.0,49.4,102842047.0,50.6
545,2016,46,The BFG,195243411.0,55483770.0,28.4,139759641.0,71.6
546,2016,47,The Monkey King 2,193678298.0,709982.0,0.4,192968316.0,99.6
547,2016,48,Bad Moms,183936074.0,113257297.0,61.6,70678777.0,38.4
548,2016,49,Storks,183388953.0,72679278.0,39.6,110709675.0,60.4
549,2016,50,From Vegas to Macau III,181732879.0,0.0,0.0,181732879.0,100.0
550,2016,51,Hacksaw Ridge,180563636.0,67209615.0,37.2,113354021.0,62.8
551,2016,52,Allegiant,179246868.0,66184051.0,36.9,113062817.0,63.1
552,2016,53,Operation Mekong,173839072.0,800012.0,0.5,173039060.0,99.5
553,2016,54,The Girl on the Train,173185859.0,75395035.0,43.5,97790824.0,56.5
554,2016,55,The Huntsman: Winter's War,164989338.0,48390190.0,29.3,116599148.0,70.7
555,2016,56,The Magnificent Seven,162360636.0,93432655.0,57.5,68927981.0,42.5
556,2016,57,Jack Reacher: Never Go Back,162146076.0,58697076.0,36.2,103449000.0,63.8
557,2016,58,Don't Breathe,157761002.0,89217875.0,56.6,68543127.0,43.4
558,2016,59,The Accountant,155160045.0,86260045.0,55.6,68900000.0,44.4
559,2016,60,Lights Out,148868835.0,67268835.0,45.2,81600000.0,54.8
560,2016,61,Time Raiders,145819137.0,0.0,0.0,145819137.0,100.0
561,2016,62,Pete's Dragon,143695338.0,76233151.0,53.1,67462187.0,46.9
562,2016,63,Sausage Party,140705322.0,97685686.0,69.4,43019636.0,30.6
563,2016,64,Lion,140312928.0,51738905.0,36.9,88574023.0,63.1
564,2016,65,Skiptrace,136579287.0,0.0,0.0,136579287.0,100.0
565,2016,66,Mechanic: Resurrection,125729635.0,21218403.0,16.9,104511232.0,83.1
566,2016,67,Deepwater Horizon,121790373.0,61433527.0,50.4,60356846.0,49.6
567,2016,68,Allied,119520023.0,40098064.0,33.5,79421959.0,66.5
568,2016,69,I Belonged to You,119107580.0,744541.0,0.6,118363039.0,99.4
569,2016,70,The Shallows,119100758.0,55124043.0,46.3,63976715.0,53.7
570,2016,71,The Purge: Election Year,118587880.0,79213375.0,66.8,39374505.0,33.2
571,2016,72,Why Him?,118102725.0,60323786.0,51.1,57778939.0,48.9
572,2016,73,Book of Love,114679097.0,0.0,0.0,114679097.0,100.0
573,2016,74,Office Christmas Party,114501299.0,54767494.0,47.8,59733805.0,52.2
574,2016,75,How to Be Single,112343513.0,46843513.0,41.7,65500000.0,58.3
575,2016,76,10 Cloverfield Lane,110216998.0,72082998.0,65.4,38134000.0,34.6
576,2016,77,Neighbors 2: Sorority Rising,108007109.0,55455765.0,51.3,52551344.0,48.7
577,2016,78,Cold War II,103197501.0,560824.0,0.5,102636677.0,99.5
578,2016,79,Railroad Tigers,102205175.0,218044.0,0.2,101987131.0,99.8
579,2016,80,Qing sheng,95721320.0,100026.0,0.1,95621294.0,99.9
580,2016,81,Dirty Grandpa,94073028.0,35593113.0,37.8,58479915.0,62.2
581,2016,82,Ben-Hur,94061311.0,26410477.0,28.1,67650834.0,71.9
582,2016,83,Money Monster,93282604.0,41012075.0,44.0,52270529.0,56.0
583,2016,84,Train to Busan,92742323.0,2129768.0,2.3,90612555.0,97.7
584,2016,85,My Big Fat Greek Wedding 2,90632641.0,59689605.0,65.9,30943036.0,34.1
585,2016,86,Collateral Beauty,88528280.0,31016021.0,35.0,57512259.0,65.0
586,2016,87,Line Walker,88228755.0,0.0,0.0,88228755.0,100.0
587,2016,88,Sultan,87280000.0,6200000.0,7.1,81080000.0,92.9
588,2016,89,War Dogs,86234523.0,43034523.0,49.9,43200000.0,50.1
589,2016,90,Big Fish & Begonia,85409373.0,0.0,0.0,85409373.0,100.0
590,2016,91,Nerve,85251425.0,38583626.0,45.3,46667799.0,54.7
591,2016,92,Leap!,84197417.0,2844490.0,3.4,81352927.0,96.6
592,2016,93,Ouija: Origin of Evil,81705746.0,35144505.0,43.0,46561241.0,57.0
593,2016,94,Underworld: Blood Wars,81093313.0,30353973.0,37.4,50739340.0,62.6
594,2016,95,Manchester by the Sea,78988148.0,47695371.0,60.4,31292777.0,39.6
595,2016,96,The Boss,78844582.0,63285885.0,80.3,15558697.0,19.7
596,2016,97,Shin Godzilla,77947607.0,1918403.0,2.5,76029204.0,97.5
597,2016,98,Mike and Dave Need Wedding Dates,77068246.0,46009673.0,59.7,31058573.0,40.3
598,2016,99,Kubo and the Two Strings,76249438.0,48023088.0,63.0,28226350.0,37.0
599,2016,100,Quo vado?,75878701.0,0.0,0.0,75878701.0,100.0
600,2015,1,Star Wars: Episode VII - The Force Awakens,2068223624.0,936662225.0,45.3,1131561399.0,54.7
601,2015,2,Jurassic World,1670400637.0,652270625.0,39.0,1018130012.0,61.0
602,2015,3,Furious 7,1515047671.0,353007020.0,23.3,1162040651.0,76.7
603,2015,4,Avengers: Age of Ultron,1402805868.0,459005868.0,32.7,943800000.0,67.3
604,2015,5,Minions,1159398397.0,336045770.0,29.0,823352627.0,71.0
605,2015,6,Spectre,880674609.0,200074609.0,22.7,680600000.0,77.3
606,2015,7,Inside Out,857611174.0,356461711.0,41.6,501149463.0,58.4
607,2015,8,Mission: Impossible - Rogue Nation,682714267.0,195042377.0,28.6,487671890.0,71.4
608,2015,9,The Hunger Games: Mockingjay - Part 2,658344137.0,281723902.0,42.8,376620235.0,57.2
609,2015,10,The Martian,630161890.0,228433663.0,36.2,401728227.0,63.8
610,2015,11,Fifty Shades of Grey,569651467.0,166167230.0,29.2,403484237.0,70.8
611,2015,12,Cinderella,542351353.0,201151353.0,37.1,341200000.0,62.9
612,2015,13,The Revenant,532950503.0,183637894.0,34.5,349312609.0,65.5
613,2015,14,Ant-Man,519311965.0,180202163.0,34.7,339109802.0,65.3
614,2015,15,Hotel Transylvania 2,474800000.0,169700110.0,35.7,305099890.0,64.3
615,2015,16,San Andreas,473990832.0,155190832.0,32.7,318800000.0,67.3
616,2015,17,Terminator Genisys,440603537.0,89760956.0,20.4,350842581.0,79.6
617,2015,18,Kingsman: The Secret Service,414351546.0,128261724.0,31.0,286089822.0,69.0
618,2015,19,Monster Hunt,387053506.0,32766.0,0.1,387020740.0,100.0
619,2015,20,Home,386041607.0,177397510.0,46.0,208644097.0,54.0
620,2015,21,Mad Max: Fury Road,374736354.0,153636354.0,41.0,221100000.0,59.0
621,2015,22,The Good Dinosaur,332207671.0,123087120.0,37.1,209120551.0,62.9
622,2015,23,Taken 3,326479141.0,89256424.0,27.3,237222717.0,72.7
623,2015,24,The SpongeBob Movie: Sponge Out of Water,325186032.0,162994032.0,50.1,162192000.0,49.9
624,2015,25,Maze Runner: The Scorch Trials,312296056.0,81697192.0,26.2,230598864.0,73.8
625,2015,26,The Divergent Series: Insurgent,297002527.0,130179072.0,43.8,166823455.0,56.2
626,2015,27,Pitch Perfect 2,287144079.0,184296230.0,64.2,102847849.0,35.8
627,2015,28,Mojin: The Lost Legend,259368448.0,1243810.0,0.5,258124638.0,99.5
628,2015,29,Lost in Hong Kong,256283912.0,1302281.0,0.5,254981631.0,99.5
629,2015,30,The Peanuts Movie,246233113.0,130178411.0,52.9,116054702.0,47.1
630,2015,31,Pixels,244874809.0,78747585.0,32.2,166127224.0,67.8
631,2015,32,Daddy's Home,242786137.0,150357137.0,61.9,92429000.0,38.1
632,2015,33,Spy,235666219.0,110825712.0,47.0,124840507.0,53.0
633,2015,34,Alvin and the Chipmunks: The Road Chip,234798636.0,85886987.0,36.6,148911649.0,63.4
634,2015,35,Goodbye Mr. Loser,228122928.0,1293626.0,0.6,226829302.0,99.4
635,2015,36,Ted 2,215863606.0,81476385.0,37.7,134387221.0,62.3
636,2015,37,Tomorrowland,209035668.0,93436322.0,44.7,115599346.0,55.3
637,2015,38,Everest,203427584.0,43482270.0,21.4,159945314.0,78.6
638,2015,39,Straight Outta Compton,201634991.0,161197785.0,79.9,40437206.0,20.1
639,2015,40,The Intern,194564672.0,75764672.0,38.9,118800000.0,61.1
640,2015,41,Jian Bing Man,186683536.0,0.0,0.0,186683536.0,100.0
641,2015,42,Jupiter Ascending,183887723.0,47387723.0,25.8,136500000.0,74.2
642,2015,43,Creed,173567581.0,109767581.0,63.2,63800000.0,36.8
643,2015,44,Fantastic Four,167882881.0,56117548.0,33.4,111765333.0,66.6
644,2015,45,Bridge of Spies,165478348.0,72313754.0,43.7,93164594.0,56.3
645,2015,46,From Vegas to Macau II,163877532.0,0.0,0.0,163877532.0,100.0
646,2015,47,Focus,158762963.0,53862963.0,33.9,104900000.0,66.1
647,2015,48,Goosebumps,158260952.0,80080379.0,50.6,78180573.0,49.4
648,2015,49,Ip Man 3,156954938.0,2679437.0,1.7,154275501.0,98.3
649,2015,50,The Hateful Eight,155760117.0,54117416.0,34.7,101642701.0,65.3
650,2015,51,Monkey King: Hero Is Back,153262397.0,0.0,0.0,153262397.0,100.0
651,2015,52,Gods of Egypt,150680864.0,31153464.0,20.7,119527400.0,79.3
652,2015,53,The Last Witch Hunter,146936910.0,27367660.0,18.6,119569250.0,81.4
653,2015,54,Trainwreck,140795793.0,110212700.0,78.3,30583093.0,21.7
654,2015,55,Mr. Six,139191345.0,1415450.0,1.0,137775895.0,99.0
655,2015,56,Point Break,133718711.0,28782481.0,21.5,104936230.0,78.5
656,2015,57,The Big Short,133440870.0,70259870.0,52.7,63181000.0,47.3
657,2015,58,Pan,128388320.0,35088320.0,27.3,93300000.0,72.7
658,2015,59,Detective Chinatown,125842935.0,474252.0,0.4,125368683.0,99.6
659,2015,60,Wolf Totem,125837070.0,210591.0,0.2,125626479.0,99.8
660,2015,61,Ride Along 2,124605297.0,91221830.0,73.2,33383467.0,26.8
661,2015,62,Dragon Blade,122593849.0,74068.0,0.1,122519781.0,99.9
662,2015,63,Magic Mike XXL,117813057.0,66013057.0,56.0,51800000.0,44.0
663,2015,64,Insidious: Chapter 3,112983889.0,52218558.0,46.2,60765331.0,53.8
664,2015,65,Get Hard,111711453.0,90411453.0,80.9,21300000.0,19.1
665,2015,66,The 5th Wave,109906372.0,34916787.0,31.8,74989585.0,68.2
666,2015,67,Paul Blart: Mall Cop 2,107588225.0,71038190.0,66.0,36550035.0,34.0
667,2015,68,Vacation,107228221.0,58884188.0,54.9,48344033.0,45.1
668,2015,69,The Man from U.N.C.L.E.,107045109.0,45445109.0,42.5,61600000.0,57.5
669,2015,70,Chronicles of the Ghostly Tribe,106380000.0,0.0,0.0,106380000.0,100.0
670,2015,71,Shaun the Sheep Movie,106209378.0,19375982.0,18.2,86833396.0,81.8
671,2015,72,Sisters,105011053.0,87044645.0,82.9,17966408.0,17.1
672,2015,73,Chappie,102811889.0,31569268.0,30.7,71242621.0,69.3
673,2015,74,Joy,101134059.0,56451232.0,55.8,44682827.0,44.2
674,2015,75,Black Mass,99775678.0,62575678.0,62.7,37200000.0,37.3
675,2015,76,Spotlight,98690254.0,45055776.0,45.7,53634478.0,54.3
676,2015,77,Devil and Angel,98599942.0,131058.0,0.1,98468884.0,99.9
677,2015,78,The Visit,98450062.0,65206105.0,66.2,33243957.0,33.8
678,2015,79,The Little Prince,97571250.0,1339152.0,1.4,96232098.0,98.6
679,2015,80,Assassination,96119773.0,1904682.0,2.0,94215091.0,98.0
680,2015,81,Poltergeist,95437994.0,47425125.0,49.7,48012869.0,50.3
681,2015,82,Veteran,94393020.0,1200627.0,1.3,93192393.0,98.7
682,2015,83,In the Heart of the Sea,93920758.0,25020758.0,26.6,68900000.0,73.4
683,2015,84,Kill Zone 2,93638358.0,11998.0,0.1,93626360.0,100.0
684,2015,85,Southpaw,91970827.0,52421953.0,57.0,39548874.0,43.0
685,2015,86,The Second Best Exotic Marigold Hotel,85978266.0,33078266.0,38.5,52900000.0,61.5
686,2015,87,Paper Towns,85512300.0,32000304.0,37.4,53511996.0,62.6
687,2015,88,Sicario,84872444.0,46889293.0,55.2,37983151.0,44.8
688,2015,89,Our Times,83867493.0,0.0,0.0,83867493.0,100.0
689,2015,90,Suck Me Shakespeer 2,83027924.0,0.0,0.0,83027924.0,100.0
690,2015,91,Hitman: Agent 47,82347656.0,22467450.0,27.3,59880206.0,72.7
691,2015,92,Wolf Warrior,81411331.0,0.0,0.0,81411331.0,100.0
692,2015,93,Go Away Mr. Tumor,80606893.0,286639.0,0.4,80320254.0,99.6
693,2015,94,The Wedding Ringer,79799880.0,64460211.0,80.8,15339669.0,19.2
694,2015,95,Paranormal Activity: The Ghost Dimension,78903124.0,18300124.0,23.2,60603000.0,76.8
695,2015,96,The Left Ear,78015473.0,0.0,0.0,78015473.0,100.0
696,2015,97,Tiny Times 4.0,77750000.0,0.0,0.0,77750000.0,100.0
697,2015,98,Bajrangi Bhaijaan,75547184.0,8178001.0,10.8,67369183.0,89.2
698,2015,99,War Room,73267874.0,67790117.0,92.5,5477757.0,7.5
699,2015,100,The Transporter Refueled,72629670.0,16029670.0,22.1,56600000.0,77.9
700,2014,1,Transformers: Age of Extinction,1104054072.0,245439076.0,22.2,858614996.0,77.8
701,2014,2,The Hobbit: The Battle of the Five Armies,956019788.0,255119788.0,26.7,700900000.0,73.3
702,2014,3,Guardians of the Galaxy,772776600.0,333176600.0,43.1,439600000.0,56.9
703,2014,4,Maleficent,758410378.0,241410378.0,31.8,517000000.0,68.2
704,2014,5,The Hunger Games: Mockingjay - Part 1,755356711.0,337135885.0,44.6,418220826.0,55.4
705,2014,6,X-Men: Days of Future Past,746045700.0,233921534.0,31.4,512124166.0,68.6
706,2014,7,Captain America: The Winter Soldier,714421503.0,259766572.0,36.4,454654931.0,63.6
707,2014,8,Dawn of the Planet of the Apes,710644566.0,208545589.0,29.3,502098977.0,70.7
708,2014,9,The Amazing Spider-Man 2,708982323.0,202853933.0,28.6,506128390.0,71.4
709,2014,10,Interstellar,677896797.0,188020017.0,27.7,489876780.0,72.3
710,2014,11,Big Hero 6,657827828.0,222527828.0,33.8,435300000.0,66.2
711,2014,12,How to Train Your Dragon 2,621537519.0,177002924.0,28.5,444534595.0,71.5
712,2014,13,American Sniper,547426372.0,350126372.0,64.0,197300000.0,36.0
713,2014,14,Godzilla,524976069.0,200676069.0,38.2,324300000.0,61.8
714,2014,15,Rio 2,498781117.0,131538435.0,26.4,367242682.0,73.6
715,2014,16,Teenage Mutant Ninja Turtles,485004754.0,191204754.0,39.4,293800000.0,60.6
716,2014,17,The Lego Movie,468060692.0,257760692.0,55.1,210300000.0,44.9
717,2014,18,Lucy,458863600.0,126663600.0,27.6,332200000.0,72.4
718,2014,19,Penguins of Madagascar,373515621.0,83850911.0,22.4,289664710.0,77.6
719,2014,20,Edge of Tomorrow,370541256.0,100206256.0,27.0,270335000.0,73.0
720,2014,21,Gone Girl,369330363.0,167767189.0,45.4,201563174.0,54.6
721,2014,22,Night at the Museum: Secret of the Tomb,363204635.0,113746621.0,31.3,249458014.0,68.7
722,2014,23,Noah,359200044.0,101200044.0,28.2,258000000.0,71.8
723,2014,24,The Maze Runner,348319861.0,102427862.0,29.4,245891999.0,70.6
724,2014,25,300: Rise of an Empire,337580051.0,106580051.0,31.6,231000000.0,68.4
725,2014,26,22 Jump Street,331333876.0,191719337.0,57.9,139614539.0,42.1
726,2014,27,The Fault in Our Stars,307166834.0,124872350.0,40.7,182294484.0,59.3
727,2014,28,Divergent,288885818.0,150947895.0,52.3,137937923.0,47.7
728,2014,29,Paddington,282370135.0,76271832.0,27.0,206098303.0,73.0
729,2014,30,Mr. Peabody & Sherman,275698039.0,111506430.0,40.4,164191609.0,59.6
730,2014,31,Neighbors,270665134.0,150157400.0,55.5,120507734.0,44.5
731,2014,32,Exodus: Gods and Kings,268175631.0,65014513.0,24.2,203161118.0,75.8
732,2014,33,Annabelle,257047661.0,84273813.0,32.8,172773848.0,67.2
733,2014,34,Hercules,244819862.0,72688614.0,29.7,172131248.0,70.3
734,2014,35,RoboCop,242688965.0,58607007.0,24.1,184081958.0,75.9
735,2014,36,The Imitation Game,233555708.0,91125683.0,39.0,142430025.0,61.0
736,2014,37,Non-Stop,222809600.0,92168600.0,41.4,130641000.0,58.6
737,2014,38,Dracula Untold,217124280.0,56280355.0,25.9,160843925.0,74.1
738,2014,39,The Expendables 3,214657577.0,39322544.0,18.3,175335033.0,81.7
739,2014,40,Into the Woods,212902372.0,128002372.0,60.1,84900000.0,39.9
740,2014,41,Fury,211817906.0,85817906.0,40.5,126000000.0,59.5
741,2014,42,Need for Speed,203277636.0,43577636.0,21.4,159700000.0,78.6
742,2014,43,The Other Woman,196710396.0,83911193.0,42.7,112799203.0,57.3
743,2014,44,The Equalizer,192330738.0,101530738.0,52.8,90800000.0,47.2
744,2014,45,Breakup Buddies,189017596.0,777896.0,0.4,188239700.0,99.6
745,2014,46,Stand by Me Doraemon,183442714.0,0.0,0.0,183442714.0,100.0
746,2014,47,Serial (Bad) Weddings,176404493.0,0.0,0.0,176404493.0,100.0
747,2014,48,The Monkey King Havoc in Heavens Palace,175835580.0,0.0,0.0,175835580.0,100.0
748,2014,49,The Grand Budapest Hotel,172936941.0,59301324.0,34.3,113635617.0,65.7
749,2014,50,Dumb and Dumber to,169837010.0,86208010.0,50.8,83629000.0,49.2
750,2014,51,Into the Storm,161502194.0,47602194.0,29.5,113900000.0,70.5
751,2014,52,Unbroken,161459297.0,115637895.0,71.6,45821402.0,28.4
752,2014,53,The Monuments Men,155641650.0,78031620.0,50.1,77610030.0,49.9
753,2014,54,Ride Along,154468902.0,134938200.0,87.4,19530702.0,12.6
754,2014,55,Planes: Fire & Rescue,146965787.0,59165787.0,40.3,87800000.0,59.7
755,2014,56,The Taking of Tiger Mountain,141654055.0,228984.0,0.2,141425071.0,99.8
756,2014,57,The Admiral: Roaring Currents,138342258.0,2589811.0,1.9,135752447.0,98.1
757,2014,58,Let's Be Cops,138224951.0,82390774.0,59.6,55834177.0,40.4
758,2014,59,Annie,136853506.0,85911262.0,62.8,50942244.0,37.2
759,2014,60,Jack Ryan: Shadow Recruit,135503748.0,50577412.0,37.3,84926336.0,62.7
760,2014,61,Blended,127994610.0,46294610.0,36.2,81700000.0,63.8
761,2014,62,Sex Tape,126069509.0,38543473.0,30.6,87526036.0,69.4
762,2014,63,The Theory of Everything,123726688.0,35893537.0,29.0,87833151.0,71.0
763,2014,64,The Nut Job,120885527.0,64251541.0,53.2,56633986.0,46.8
764,2014,65,Pompeii,117831631.0,23219748.0,19.7,94611883.0,80.3
765,2014,66,Seventh Son,114178613.0,17223265.0,15.1,96955348.0,84.9
766,2014,67,The Purge: Anarchy,111928365.0,71962800.0,64.3,39965565.0,35.7
767,2014,68,"Dad, Where Are We Going?",111870000.0,0.0,0.0,111870000.0,100.0
768,2014,69,The Boxtrolls,108255770.0,50837305.0,47.0,57418465.0,53.0
769,2014,70,Horrible Bosses 2,107645357.0,54445357.0,50.6,53200000.0,49.4
770,2014,71,The Breakup Guru,106980263.0,208959.0,0.2,106771304.0,99.8
771,2014,72,Ouija,103590271.0,50856010.0,49.1,52734261.0,50.9
772,2014,73,Birdman or (The Unexpected Virtue of Ignorance),103215094.0,42340598.0,41.0,60874496.0,59.0
773,2014,74,Transcendence,103039258.0,23022309.0,22.3,80016949.0,77.7
774,2014,75,Heaven Is for Real,101888019.0,91443253.0,89.7,10444766.0,10.3
775,2014,76,"Alexander and the Terrible, Horrible, No Good, Very Bad Day",100654149.0,66954149.0,66.5,33700000.0,33.5
776,2014,77,Tammy,100375432.0,84525432.0,84.2,15850000.0,15.8
777,2014,78,PK,100370104.0,10616104.0,10.6,89754000.0,89.4
778,2014,79,The Continent,100125957.0,0.0,0.0,100125957.0,100.0
779,2014,80,The Book of Life,99783556.0,50151543.0,50.3,49632013.0,49.7
780,2014,81,Ode to My Father,99085291.0,2300121.0,2.3,96785170.0,97.7
781,2014,82,Fleet of Time,94244191.0,569280.0,0.6,93674911.0,99.4
782,2014,83,The Man from Macau,93864936.0,0.0,0.0,93864936.0,100.0
783,2014,84,Paranormal Activity: The Marked Ones,90894962.0,32462372.0,35.7,58432590.0,64.3
784,2014,85,The Hundred-Foot Journey,89514453.0,54240821.0,60.6,35273632.0,39.4
785,2014,86,Deliver Us from Evil,87937815.0,30577122.0,34.8,57360693.0,65.2
786,2014,87,A Million Ways to Die in the West,87189756.0,43139300.0,49.5,44050456.0,50.5
787,2014,88,Step Up All in,86165646.0,14904384.0,17.3,71261262.0,82.7
788,2014,89,John Wick,86013056.0,43037835.0,50.0,42975221.0,50.0
789,2014,90,The Judge,84419388.0,47119388.0,55.8,37300000.0,44.2
790,2014,91,Tiny Times 3.0,82320000.0,0.0,0.0,82320000.0,100.0
791,2014,92,Gone with the Bullets,81387479.0,0.0,0.0,81387479.0,100.0
792,2014,93,Muppets Most Wanted,80383113.0,51183113.0,63.7,29200000.0,36.3
793,2014,94,Spanish Affair,78768613.0,0.0,0.0,78768613.0,100.0
794,2014,95,If I Stay,78274843.0,50474843.0,64.5,27800000.0,35.5
795,2014,96,Head Full of Honey,78127384.0,0.0,0.0,78127384.0,100.0
796,2014,97,"I, Frankenstein",76801179.0,19075290.0,24.8,57725889.0,75.2
797,2014,98,Crimson Peak,74679822.0,31090320.0,41.6,43589502.0,58.4
798,2014,99,My Old Classmate,73052128.0,0.0,0.0,73052128.0,100.0
799,2014,100,The Bélier Family,72751538.0,0.0,0.0,72751538.0,100.0
800,2013,1,Frozen,1280802282.0,400738009.0,31.3,880064273.0,68.7
801,2013,2,Iron Man 3,1214811252.0,409013994.0,33.7,805797258.0,66.3
802,2013,3,Despicable Me 2,970766005.0,368065385.0,37.9,602700620.0,62.1
803,2013,4,The Hobbit: The Desolation of Smaug,958366855.0,258366855.0,27.0,700000000.0,73.0
804,2013,5,The Hunger Games: Catching Fire,865011746.0,424668047.0,49.1,440343699.0,50.9
805,2013,6,Fast & Furious 6,788679850.0,238679850.0,30.3,550000000.0,69.7
806,2013,7,Monsters University,743559607.0,268492764.0,36.1,475066843.0,63.9
807,2013,8,Gravity,723192705.0,274092705.0,37.9,449100000.0,62.1
808,2013,9,Man of Steel,668045518.0,291045518.0,43.6,377000000.0,56.4
809,2013,10,Thor: The Dark World,644783140.0,206362140.0,32.0,438421000.0,68.0
810,2013,11,The Croods,587204668.0,187168425.0,31.9,400036243.0,68.1
811,2013,12,World War Z,540007876.0,202359711.0,37.5,337648165.0,62.5
812,2013,13,Oz the Great and Powerful,493311825.0,234911825.0,47.6,258400000.0,52.4
813,2013,14,Star Trek Into Darkness,467365246.0,228778661.0,49.0,238586585.0,51.0
814,2013,15,The Wolverine,414828246.0,132556852.0,32.0,282271394.0,68.0
815,2013,16,Pacific Rim,411002906.0,101802906.0,24.8,309200000.0,75.2
816,2013,17,The Wolf of Wall Street,392000694.0,116900694.0,29.8,275100000.0,70.2
817,2013,18,G.I. Joe: Retaliation,375740705.0,122523060.0,32.6,253217645.0,67.4
818,2013,19,The Hangover Part III,362000072.0,112200072.0,31.0,249800000.0,69.0
819,2013,20,The Great Gatsby,353641895.0,144840419.0,41.0,208801476.0,59.0
820,2013,21,Now You See Me,351723989.0,117723989.0,33.5,234000000.0,66.5
821,2013,22,The Smurfs 2,347545360.0,71017784.0,20.4,276527576.0,79.6
822,2013,23,The Conjuring,319494638.0,137400141.0,43.0,182094497.0,57.0
823,2013,24,A Good Day to Die Hard,304654182.0,67349198.0,22.1,237304984.0,77.9
824,2013,25,Oblivion,286168572.0,89107235.0,31.1,197061337.0,68.9
825,2013,26,Elysium,286140700.0,93050117.0,32.5,193090583.0,67.5
826,2013,27,Turbo,282570682.0,83028128.0,29.4,199542554.0,70.6
827,2013,28,Cloudy with a Chance of Meatballs 2,274325949.0,119793567.0,43.7,154532382.0,56.3
828,2013,29,Epic,268426634.0,107518682.0,40.1,160907952.0,59.9
829,2013,30,The Lone Ranger,260502115.0,89302115.0,34.3,171200000.0,65.7
830,2013,31,American Hustle,251171807.0,150117807.0,59.8,101054000.0,40.2
831,2013,32,Grown Ups 2,246984278.0,133668525.0,54.1,113315753.0,45.9
832,2013,33,After Earth,243611982.0,60522097.0,24.8,183089885.0,75.2
833,2013,34,Planes,239258712.0,90288712.0,37.7,148970000.0,62.3
834,2013,35,Hansel & Gretel: Witch Hunters,226349749.0,55703475.0,24.6,170646274.0,75.4
835,2013,36,Captain Phillips,218791811.0,107100855.0,49.0,111690956.0,51.0
836,2013,37,Journey to the West,205637183.0,18058.0,0.1,205619125.0,100.0
837,2013,38,White House Down,205366737.0,73103784.0,35.6,132262953.0,64.4
838,2013,39,Percy Jackson: Sea of Monsters,199850315.0,68559554.0,34.3,131290761.0,65.7
839,2013,40,Jack the Giant Slayer,197687603.0,65187603.0,33.0,132500000.0,67.0
840,2013,41,The Secret Life of Walter Mitty,188133322.0,58236838.0,31.0,129896484.0,69.0
841,2013,42,12 Years a Slave,187733202.0,56671993.0,30.2,131061209.0,69.8
842,2013,43,Lee Daniels' The Butler,177313795.0,116632095.0,65.8,60681700.0,34.2
843,2013,44,Identity Thief,173965010.0,134506920.0,77.3,39458090.0,22.7
844,2013,45,Anchorman 2: The Legend Continues,171464676.0,125168368.0,73.0,46296308.0,27.0
845,2013,46,Olympus Has Fallen,170270201.0,98925640.0,58.1,71344561.0,41.9
846,2013,47,Insidious: Chapter 2,161919318.0,83586447.0,51.6,78332871.0,48.4
847,2013,48,Lone Survivor,154802912.0,125095601.0,80.8,29707311.0,19.2
848,2013,49,Bad Grandpa,151826547.0,102003019.0,67.2,49823528.0,32.8
849,2013,50,47 Ronin,151783839.0,38362475.0,25.3,113421364.0,74.7
850,2013,51,RED 2,148075565.0,53262560.0,36.0,94813005.0,64.0
851,2013,52,Mama,146428180.0,71628180.0,48.9,74800000.0,51.1
852,2013,53,Escape Plan,137328301.0,25135965.0,18.3,112192336.0,81.7
853,2013,54,2 Guns,131940411.0,75612460.0,57.3,56327951.0,42.7
854,2013,55,This Is the End,126041322.0,101470202.0,80.5,24571120.0,19.5
855,2013,56,Ender's Game,125544024.0,61737191.0,49.2,63806833.0,50.8
856,2013,57,Prisoners,122126687.0,61002302.0,50.0,61124385.0,50.0
857,2013,58,Jurassic Park 2013 Re-release,118192315.0,45385935.0,38.4,72806380.0,61.6
858,2013,59,Saving Mr. Banks,117867984.0,83301580.0,70.7,34566404.0,29.3
859,2013,60,Warm Bodies,116980662.0,66380662.0,56.7,50600000.0,43.3
860,2013,61,Personal Tailor,116126458.0,375892.0,0.3,115750566.0,99.7
861,2013,62,So Young,114926694.0,11186.0,0.1,114915508.0,100.0
862,2013,63,Free Birds,110387072.0,55750480.0,50.5,54636592.0,49.5
863,2013,64,Gangster Squad,105200903.0,46000903.0,43.7,59200000.0,56.3
864,2013,65,Instructions Not Included,100486616.0,44467206.0,44.3,56019410.0,55.7
865,2013,66,Philomena,100129872.0,37709979.0,37.7,62419893.0,62.3
866,2013,67,Blue Jasmine,99104804.0,33405481.0,33.7,65699323.0,66.3
867,2013,68,Young Detective Dee: Rise of the Sea Dragon,98774891.0,87783.0,0.1,98687108.0,99.9
868,2013,69,Riddick,98337295.0,42025135.0,42.7,56312160.0,57.3
869,2013,70,Safe Haven,97594140.0,71349120.0,73.1,26245020.0,26.9
870,2013,71,Evil Dead,97542952.0,54239856.0,55.6,43303096.0,44.4
871,2013,72,42,97470701.0,95020213.0,97.5,2450488.0,2.5
872,2013,73,The Mortal Instruments: City of Bones,95396573.0,31165421.0,32.7,64231152.0,67.3
873,2013,74,Rush,95224595.0,26947624.0,28.3,68276971.0,71.7
874,2013,75,Police Story: Lockdown,94249025.0,0.0,0.0,94249025.0,100.0
875,2013,76,The Internship,93492844.0,44672764.0,47.8,48820080.0,52.2
876,2013,77,The Purge,89328627.0,64473115.0,72.2,24855512.0,27.8
877,2013,78,Dhoom 3,88031955.0,8031955.0,9.1,80000000.0,90.9
878,2013,79,Pain & Gain,87305549.0,49875291.0,57.1,37430258.0,42.9
879,2013,80,About Time,87100449.0,15322921.0,17.6,71777528.0,82.4
880,2013,81,American Dreams in China,87097067.0,0.0,0.0,87097067.0,100.0
881,2013,82,Snowpiercer,86758912.0,4563650.0,5.3,82195262.0,94.7
882,2013,83,Carrie,84790678.0,35266619.0,41.6,49524059.0,58.4
883,2013,84,Finding Mr. Right,84112033.0,6945.0,0.1,84105088.0,100.0
884,2013,85,The Fighter Pilot,82879386.0,0.0,0.0,82879386.0,100.0
885,2013,86,Miracle in Cell No. 7,82101723.0,0.0,0.0,82101723.0,100.0
886,2013,87,The Attorney,78547586.0,557236.0,0.7,77990350.0,99.3
887,2013,88,The Family,78418811.0,36918811.0,47.1,41500000.0,52.9
888,2013,89,Scary Movie V,78378744.0,32015787.0,40.8,46362957.0,59.2
889,2013,90,R.I.P.D.,78324220.0,33618855.0,42.9,44705365.0,57.1
890,2013,91,Tiny Times,77717014.0,23462.0,0.1,77693552.0,100.0
891,2013,92,Suck Me Shakespeer,77676735.0,0.0,0.0,77676735.0,100.0
892,2013,93,The Book Thief,76586316.0,21488481.0,28.1,55097835.0,71.9
893,2013,94,Escape from Planet Earth,74597643.0,57012977.0,76.4,17584666.0,23.6
894,2013,95,August: Osage County,74188937.0,37738810.0,50.9,36450127.0,49.1
895,2013,96,The Best Man Holiday,72835710.0,70525195.0,96.8,2310515.0,3.2
896,2013,97,The Counselor,71009334.0,16973715.0,23.9,54035619.0,76.1
897,2013,98,Sole a catinelle,69903094.0,0.0,0.0,69903094.0,100.0
898,2013,99,The Call,68572631.0,51872378.0,75.6,16700253.0,24.4
899,2013,100,One Direction: This Is Us,68532898.0,28873374.0,42.1,39659524.0,57.9
900,2012,1,The Avengers,1518812988.0,623357910.0,41.0,895455078.0,59.0
901,2012,2,Skyfall,1108561013.0,304360277.0,27.5,804200736.0,72.5
902,2012,3,The Dark Knight Rises,1081041287.0,448139099.0,41.5,632902188.0,58.5
903,2012,4,The Hobbit: An Unexpected Journey,1017003568.0,303003568.0,29.8,714000000.0,70.2
904,2012,5,Ice Age: Continental Drift,877244782.0,161321843.0,18.4,715922939.0,81.6
905,2012,6,The Twilight Saga: Breaking Dawn - Part 2,829746820.0,292324737.0,35.2,537422083.0,64.8
906,2012,7,The Amazing Spider-Man,757930663.0,262030663.0,34.6,495900000.0,65.4
907,2012,8,Madagascar 3: Europe's Most Wanted,746921274.0,216391482.0,29.0,530529792.0,71.0
908,2012,9,The Hunger Games,694394724.0,408010692.0,58.8,286384032.0,41.2
909,2012,10,Men in Black 3,624026776.0,179020854.0,28.7,445005922.0,71.3
910,2012,11,Life of Pi,609016565.0,124987023.0,20.5,484029542.0,79.5
911,2012,12,Ted,549368315.0,218815487.0,39.8,330552828.0,60.2
912,2012,13,Brave,538983207.0,237283207.0,44.0,301700000.0,56.0
913,2012,14,Wreck-It Ralph,471222889.0,189422889.0,40.2,281800000.0,59.8
914,2012,15,Les Misérables,441809770.0,148809770.0,33.7,293000000.0,66.3
915,2012,16,Django Unchained,425368238.0,162805434.0,38.3,262562804.0,61.7
916,2012,17,Prometheus,403354469.0,126477084.0,31.4,276877385.0,68.6
917,2012,18,Snow White and the Huntsman,396592829.0,155332381.0,39.2,241260448.0,60.8
918,2012,19,Taken 2,376141306.0,139854287.0,37.2,236287019.0,62.8
919,2012,20,Hotel Transylvania,358375603.0,148313048.0,41.4,210062555.0,58.6
920,2012,21,Titanic 2012 3D Release,350449521.0,57884114.0,16.5,292565407.0,83.5
921,2012,22,The Lorax,348840316.0,214030500.0,61.4,134809816.0,38.6
922,2012,23,Journey 2: The Mysterious Island,335260290.0,103860290.0,31.0,231400000.0,69.0
923,2012,24,The Expendables 2,314975955.0,85028192.0,27.0,229947763.0,73.0
924,2012,25,Rise of the Guardians,306941670.0,103412758.0,33.7,203528912.0,66.3
925,2012,26,Battleship,303025485.0,65422625.0,21.6,237602860.0,78.4
926,2012,27,Wrath of the Titans,301970083.0,83670083.0,27.7,218300000.0,72.3
927,2012,28,John Carter,284139100.0,73078100.0,25.7,211061000.0,74.3
928,2012,29,The Bourne Legacy,276144750.0,113203870.0,41.0,162940880.0,59.0
929,2012,30,Lincoln,275293450.0,182207973.0,66.2,93085477.0,33.8
930,2012,31,We're the Millers,269994119.0,150394119.0,55.7,119600000.0,44.3
931,2012,32,Dark Shadows,245527149.0,79727149.0,32.5,165800000.0,67.5
932,2012,33,Resident Evil: Retribution,240159255.0,42345531.0,17.6,197813724.0,82.4
933,2012,34,Silver Linings Playbook,236412453.0,132092958.0,55.9,104319495.0,44.1
934,2012,35,American Reunion,234989584.0,57011521.0,24.3,177978063.0,75.7
935,2012,36,Argo,232325503.0,136025503.0,58.5,96300000.0,41.5
936,2012,37,Jack Reacher,218340595.0,80070736.0,36.7,138269859.0,63.3
937,2012,38,Safe House,208076205.0,126373434.0,60.7,81702771.0,39.3
938,2012,39,21 Jump Street,201585328.0,138447667.0,68.7,63137661.0,31.3
939,2012,40,Total Recall,198467168.0,58877969.0,29.7,139589199.0,70.3
940,2012,41,The Impossible,198087212.0,19019882.0,9.6,179067330.0,90.4
941,2012,42,Lost in Thailand,197757387.0,57387.0,0.1,197700000.0,100.0
942,2012,43,The Vow,196114570.0,125014030.0,63.7,71100540.0,36.3
943,2012,44,Mirror Mirror,183018522.0,64935167.0,35.5,118083355.0,64.5
944,2012,45,The Dictator,179379533.0,59650222.0,33.3,119729311.0,66.7
945,2012,46,Looper,176506819.0,66486205.0,37.7,110020614.0,62.3
946,2012,47,Chinese Zodiac,170525083.0,0.0,0.0,170525083.0,100.0
947,2012,48,Magic Mike,167739368.0,113721571.0,67.8,54017797.0,32.2
948,2012,49,Flight,161772375.0,93772375.0,58.0,68000000.0,42.0
949,2012,50,Underworld: Awakening,160112671.0,62321039.0,38.9,97791632.0,61.1
950,2012,51,This Means War,156491279.0,54760791.0,35.0,101730488.0,65.0
951,2012,52,Paranormal Activity 4,142802657.0,53885000.0,37.7,88917657.0,62.3
952,2012,53,Step Up Revolution,140470746.0,35074677.0,25.0,105396069.0,75.0
953,2012,54,The Best Exotic Marigold Hotel,136836156.0,46412041.0,33.9,90424115.0,66.1
954,2012,55,The Wind Rises,136454220.0,5209580.0,3.8,131244640.0,96.2
955,2012,56,Last Vegas,134402450.0,63914167.0,47.6,70488283.0,52.4
956,2012,57,Zero Dark Thirty,132820716.0,95720716.0,72.1,37100000.0,27.9
957,2012,58,Ghost Rider: Spirit of Vengeance,132563930.0,51774002.0,39.1,80789928.0,60.9
958,2012,59,Cloud Atlas,130482868.0,27108272.0,20.8,103374596.0,79.2
959,2012,60,The Woman in Black,128955898.0,54333290.0,42.1,74622608.0,57.9
960,2012,61,Chronicle,126636097.0,64575175.0,51.0,62060922.0,49.0
961,2012,62,Walking with Dinosaurs 3D,126546518.0,36076121.0,28.5,90470397.0,71.5
962,2012,63,The Pirates! Band of Misfits,123054041.0,31051126.0,25.2,92002915.0,74.8
963,2012,64,Parental Guidance,119772232.0,77267296.0,64.5,42504936.0,35.5
964,2012,65,Abraham Lincoln: Vampire Hunter,116471580.0,37519139.0,32.2,78952441.0,67.8
965,2012,66,Pitch Perfect,115350426.0,65001093.0,56.4,50349333.0,43.6
966,2012,67,Hope Springs,114281051.0,63536011.0,55.6,50745040.0,44.4
967,2012,68,ParaNorman,107139399.0,56003051.0,52.3,51136348.0,47.7
968,2012,69,The Campaign,104907746.0,86907746.0,82.8,18000000.0,17.2
969,2012,70,Star Wars: Episode I - The Phantom Menace 2012 3D Release,102739593.0,43456382.0,42.3,59283211.0,57.7
970,2012,71,Project X,102731865.0,54731865.0,53.3,48000000.0,46.7
971,2012,72,The Devil Inside,101758490.0,53261944.0,52.3,48496546.0,47.7
972,2012,73,The Lucky One,99357138.0,60457138.0,60.8,38900000.0,39.2
973,2012,74,Contraband,96262212.0,66528000.0,69.1,29734212.0,30.9
974,2012,75,Think Like a Man,96070507.0,91547205.0,95.3,4523302.0,4.7
975,2012,76,Masquerade,94268432.0,922921.0,1.0,93345511.0,99.0
976,2012,77,Brave Hearts: Umizaru,91884352.0,0.0,0.0,91884352.0,100.0
977,2012,78,This Is 40,88215156.0,67544505.0,76.6,20670651.0,23.4
978,2012,79,The Thieves,87126367.0,685839.0,0.8,86440528.0,99.2
979,2012,80,The Possession,85446075.0,49130154.0,57.5,36315921.0,42.5
980,2012,81,What to Expect When You're Expecting,84384002.0,41152203.0,48.8,43231799.0,51.2
981,2012,82,Savages,82966152.0,47382068.0,57.1,35584084.0,42.9
982,2012,83,Sinister,82515113.0,48086903.0,58.3,34428210.0,41.7
983,2012,84,Act of Valor,82497035.0,70012847.0,84.9,12484188.0,15.1
984,2012,85,Frankenweenie,81491068.0,35291068.0,43.3,46200000.0,56.7
985,2012,86,The Grey,79781695.0,51580236.0,64.7,28201459.0,35.3
986,2012,87,Diary of a Wimpy Kid: Dog Days,77229695.0,49008662.0,63.5,28221033.0,36.5
987,2012,88,Thermae Romae,74285251.0,0.0,0.0,74285251.0,100.0
988,2012,89,One Piece Film Z,74223861.0,0.0,0.0,74223861.0,100.0
989,2012,90,To Rome with Love,73244881.0,16685867.0,22.8,56559014.0,77.2
990,2012,91,Here Comes the Boom,73100172.0,45290318.0,62.0,27809854.0,38.0
991,2012,92,Bayside Shakedown the Final,72867395.0,0.0,0.0,72867395.0,100.0
992,2012,93,The Cabin in the Woods,69935600.0,42073277.0,60.2,27862323.0,39.8
993,2012,94,Finding Nemo 2012 3D Release,69328283.0,41128283.0,59.3,28200000.0,40.7
994,2012,95,Anna Karenina,68929150.0,12816367.0,18.6,56112783.0,81.4
995,2012,96,The Watch,68267862.0,35353000.0,51.8,32914862.0,48.2
996,2012,97,Moonrise Kingdom,68263166.0,45512466.0,66.7,22750700.0,33.3
997,2012,98,The Secret of the Gods,67537798.0,0.0,0.0,67537798.0,100.0
998,2012,99,Madea's Witness Protection,66899242.0,65653242.0,98.1,1246000.0,1.9
999,2012,100,Beauty and the Beast 2012 3D Release,62767829.0,47617067.0,75.9,15150762.0,24.1
